condition,experiment,speed,session_length,meta,seed,hmm_accuracy,total_pnl,sharpe,n_vetoes,n_retrains,detection_lag,acc_trending,acc_mean_reverting,acc_volatile,lag_trending_to_mean_rev,lag_trending_to_volatile,lag_mean_rev_to_trending,lag_mean_rev_to_volatile,lag_volatile_to_trending,lag_volatile_to_mean_rev,pnl_when_correct,pnl_when_incorrect,avg_pnl_correct,avg_pnl_incorrect,conf_at_transition,conf_at_stable
sesslen_60,session_sweep,medium,60.0,False,23104567,0.6203,2202.0,0.2316,24,0,1.83,0.9189,0.0,0.5556,0.0,3.0,2.0,0.0,1.0,0.0,804.0,1398.0,24.36,63.55,0.941,0.9284
very_fast_meta,speed_sweep,very_fast,300.0,True,925693027,0.8101,1930.0,0.1965,47,0,1.11,0.88,0.6452,0.9565,1.125,1.25,1.167,1.0,1.0,1.25,1208.0,722.0,71.06,48.13,0.9957,0.9968
very_fast_nometa,speed_sweep,very_fast,300.0,False,580409146,0.8608,2104.0,0.2188,40,0,1.15,0.8571,0.75,1.0,1.0,1.0,1.1,1.0,2.0,1.333,2104.0,0.0,75.14,0.0,0.9981,0.9883
sesslen_300,session_sweep,medium,300.0,False,1274720920,0.6582,2168.0,0.216,45,0,2.57,0.2143,0.7368,1.0,1.0,1.0,2.0,1.0,5.0,3.0,2168.0,0.0,108.4,0.0,0.9915,0.9557
very_fast_nometa,speed_sweep,very_fast,300.0,False,1282633587,0.6076,2034.0,0.2399,39,0,1.25,0.3235,0.4286,1.0,1.25,1.0,1.75,1.0,1.333,2.0,906.0,1128.0,41.18,62.67,0.9269,0.9608
sesslen_180,session_sweep,medium,180.0,False,1952181007,0.6709,1798.0,0.2149,47,0,1.11,0.2593,0.7222,0.9706,1.0,1.0,1.0,1.0,1.0,1.5,1200.0,598.0,66.67,42.71,0.959,0.9439
very_fast_nometa,speed_sweep,very_fast,300.0,False,1770763827,0.7468,2016.0,0.2308,45,0,1.17,0.72,0.55,0.8824,1.0,1.125,1.333,1.0,1.333,1.25,1186.0,830.0,69.76,48.82,0.9859,0.9983
slow_meta,speed_sweep,slow,300.0,True,134076380,0.6962,2352.0,0.2162,15,1,1.0,0.6538,0.0,0.913,0.0,1.0,0.0,0.0,1.0,0.0,1586.0,766.0,38.68,33.3,0.9993,0.9649
sesslen_60,session_sweep,medium,60.0,False,1273297059,0.5823,2158.0,0.2451,48,0,1.3,0.3333,0.7419,0.7222,1.0,1.0,2.0,1.0,1.5,1.0,1534.0,624.0,139.45,31.2,0.9136,0.9369
sesslen_300,session_sweep,medium,300.0,False,1719939787,0.8101,2230.0,0.1955,42,0,1.12,0.8333,0.75,0.8696,1.0,1.0,1.333,0.0,0.0,1.0,2230.0,0.0,85.77,0.0,0.9966,0.988
slow_meta,speed_sweep,slow,300.0,True,1966938435,0.8987,2112.0,0.21,49,0,1.33,0.6667,0.75,1.0,0.0,0.0,0.0,1.0,1.0,2.0,2112.0,0.0,96.0,0.0,0.996,0.9914
medium_meta,speed_sweep,medium,300.0,True,622446066,0.9241,2664.0,0.2235,30,0,1.22,0.9048,0.7778,1.0,1.0,1.0,2.0,0.0,1.25,0.0,1986.0,678.0,46.19,113.0,0.9867,0.9858
medium_meta,speed_sweep,medium,300.0,True,1846411244,0.8608,2126.0,0.2102,40,0,1.25,0.913,0.7188,1.0,1.0,1.0,1.0,1.0,1.0,3.0,2126.0,0.0,75.93,0.0,0.9982,0.9938
slow_meta,speed_sweep,slow,300.0,True,1662767007,0.4304,2008.0,0.1969,45,4,2.33,0.25,0.2857,1.0,0.0,1.0,2.0,0.0,0.0,4.0,0.0,2008.0,0.0,83.67,1.0,0.9647
sesslen_60,session_sweep,medium,60.0,False,521909995,0.5949,2244.0,0.2247,35,0,1.5,0.9677,0.0,0.425,0.0,2.0,1.0,0.0,1.0,0.0,1148.0,1096.0,34.79,99.64,0.9583,0.9768
slow_meta,speed_sweep,slow,300.0,True,1715570418,0.7975,1826.0,0.1966,47,0,1.25,1.0,0.68,1.0,1.0,0.0,1.0,1.0,0.0,2.0,540.0,1286.0,33.75,80.38,0.9991,0.9982
sesslen_300,session_sweep,medium,300.0,False,518283231,0.8101,1972.0,0.2217,36,0,1.71,0.8696,0.5714,1.0,6.0,1.0,1.0,1.0,0.0,1.0,1346.0,626.0,46.41,44.71,1.0,0.9862
slow_nometa,speed_sweep,slow,300.0,False,255381340,0.8228,1943.0,0.1933,43,0,1.75,0.9167,0.6923,1.0,1.0,0.0,1.0,0.0,0.0,4.0,1283.0,660.0,58.32,47.14,1.0,0.9877
fast_nometa,speed_sweep,fast,300.0,False,587968607,0.8481,2380.0,0.2043,45,0,1.29,0.8,0.7097,1.0,0.0,1.0,0.0,1.0,1.0,1.8,1780.0,600.0,80.91,50.0,0.9966,0.9931
medium_nometa,speed_sweep,medium,300.0,False,1886130157,0.7089,2040.0,0.2193,23,0,1.17,0.8158,0.0588,1.0,1.0,1.0,1.0,1.0,1.5,0.0,1440.0,600.0,41.14,28.57,0.9574,0.9253
slow_meta,speed_sweep,slow,300.0,True,1501393552,0.7722,2040.0,0.1973,46,0,1.5,0.5,0.7368,0.963,1.0,0.0,0.0,1.0,0.0,3.0,662.0,1378.0,44.13,76.56,1.0,0.9929
medium_nometa,speed_sweep,medium,300.0,False,1102563867,0.8608,2262.0,0.2179,49,0,1.14,0.75,0.7333,1.0,1.0,1.0,1.0,1.0,1.0,1.5,2262.0,0.0,119.05,0.0,0.9988,0.9986
medium_meta,speed_sweep,medium,300.0,True,1536063011,0.9114,2098.0,0.2176,39,0,1.12,0.8261,0.7692,1.0,0.0,1.0,0.0,1.0,1.5,1.0,1498.0,600.0,45.39,85.71,0.9998,0.987
fast_nometa,speed_sweep,fast,300.0,False,262368659,0.8354,2164.0,0.2047,39,0,1.14,1.0,0.7381,0.8182,1.0,1.5,1.0,1.0,1.0,2.0,1772.0,392.0,65.63,30.15,0.9843,0.9988
fast_meta,speed_sweep,fast,300.0,True,253203392,0.8734,1702.0,0.1923,48,0,1.12,0.7,0.7812,1.0,1.0,0.0,0.0,1.0,1.0,1.4,980.0,722.0,46.67,72.2,0.996,0.9996
fast_meta,speed_sweep,fast,300.0,True,1307138340,0.8228,1856.0,0.2163,42,0,1.4,0.8421,0.6667,1.0,1.0,1.0,1.5,1.0,2.0,1.75,526.0,1330.0,22.87,95.0,0.9969,0.9983
fast_meta,speed_sweep,fast,300.0,True,1746880148,0.7468,1828.0,0.2166,43,0,1.54,0.5938,0.72,1.0,1.0,1.0,3.0,1.0,1.5,1.0,512.0,1316.0,28.44,73.11,0.9746,0.9546
sesslen_180,session_sweep,medium,180.0,False,1979352792,0.7722,2316.0,0.2454,42,0,1.86,0.6471,0.5833,0.9474,0.0,1.0,0.0,1.0,1.0,4.0,1408.0,908.0,64.0,60.53,1.0,0.9805
slow_nometa,speed_sweep,slow,300.0,False,528192660,0.8101,2148.0,0.1946,48,0,1.0,0.8125,0.75,1.0,1.0,0.0,1.0,1.0,1.0,0.0,1506.0,642.0,94.12,42.8,0.9985,0.9961
sesslen_300,session_sweep,medium,300.0,False,2068349560,0.8481,2788.0,0.2232,39,0,1.22,0.8824,0.7419,0.9355,1.0,1.0,1.0,1.0,1.5,2.0,1422.0,1366.0,50.79,113.83,0.9993,0.9915
sesslen_300,session_sweep,medium,300.0,False,333872365,0.8228,2172.0,0.221,42,0,1.0,0.8,0.7632,1.0,1.0,0.0,1.0,1.0,0.0,1.0,948.0,1224.0,41.22,87.43,0.9991,0.9858
fast_nometa,speed_sweep,fast,300.0,False,1998291788,0.7722,2040.0,0.2365,30,0,1.62,0.7143,0.7143,1.0,1.0,1.0,1.0,1.0,4.5,2.0,1232.0,808.0,39.74,44.89,0.9949,0.9889
slow_meta,speed_sweep,slow,300.0,True,1615520063,0.8101,2278.0,0.2281,42,0,1.67,0.6316,0.7143,1.0,0.0,1.0,1.0,0.0,0.0,3.0,1642.0,636.0,74.64,42.4,0.9999,0.9879
medium_meta,speed_sweep,medium,300.0,True,1954385594,0.9241,1920.0,0.2096,36,0,1.0,1.0,0.7391,1.0,1.0,1.0,1.0,1.0,1.0,1.0,1210.0,710.0,32.7,118.33,0.9995,0.998
sesslen_300,session_sweep,medium,300.0,False,1006234970,0.7342,2104.0,0.2213,27,0,1.5,0.875,0.0769,0.8529,2.0,1.0,0.0,1.5,1.5,0.0,1504.0,600.0,40.65,40.0,0.9369,0.9401
sesslen_300,session_sweep,medium,300.0,False,1760168874,0.8608,2089.0,0.1973,36,0,1.22,0.8,0.75,1.0,0.0,1.0,0.0,1.0,2.0,1.0,691.0,1398.0,21.59,127.09,0.9999,0.9968
very_fast_nometa,speed_sweep,very_fast,300.0,False,417351549,0.8228,2204.0,0.2271,43,0,1.13,0.7692,0.7037,1.0,1.143,1.0,1.2,1.0,1.25,1.25,1534.0,670.0,69.73,47.86,0.984,0.9995
very_fast_nometa,speed_sweep,very_fast,300.0,False,1636604565,0.7975,2094.0,0.2249,36,0,1.12,0.9286,0.4815,1.0,1.0,1.0,1.125,1.0,1.0,1.75,968.0,1126.0,35.85,70.38,0.9902,0.9757
sesslen_60,session_sweep,medium,60.0,False,1423265031,0.519,2076.0,0.223,50,0,1.5,0.1724,0.5714,0.8276,1.5,1.0,0.0,1.5,2.0,1.0,794.0,1282.0,66.17,75.41,0.8614,0.924
fast_meta,speed_sweep,fast,300.0,True,270257453,0.7975,2202.0,0.2395,36,0,1.59,0.8,0.64,0.931,2.0,1.667,1.0,1.0,2.0,1.5,1532.0,670.0,56.74,41.88,0.9734,0.9982
very_fast_meta,speed_sweep,very_fast,300.0,True,1432569814,0.7342,2606.0,0.2095,39,0,1.26,0.7241,0.5556,0.9565,1.0,1.0,1.5,1.0,1.0,2.5,1822.0,784.0,95.89,37.33,0.9948,0.9923
slow_nometa,speed_sweep,slow,300.0,False,160638628,0.7595,1950.0,0.2164,42,0,1.5,0.5,0.6875,1.0,0.0,1.0,1.0,0.0,3.0,0.0,770.0,1180.0,38.5,69.41,0.9999,0.9643
slow_meta,speed_sweep,slow,300.0,True,1144742049,0.9241,2580.0,0.2297,34,0,1.33,0.7917,0.8,1.0,0.0,1.0,0.0,0.0,2.0,1.0,1870.0,710.0,46.75,142.0,0.9993,0.9709
fast_nometa,speed_sweep,fast,300.0,False,1234171213,0.8481,2392.0,0.2329,42,0,1.07,1.0,0.6842,1.0,1.0,1.0,1.0,1.0,0.0,1.333,1722.0,670.0,68.88,55.83,0.9999,0.9985
sesslen_180,session_sweep,medium,180.0,False,2092572264,0.8987,2422.0,0.2328,30,0,1.0,1.0,0.6957,0.9615,1.0,1.0,1.0,1.0,1.0,1.0,1686.0,736.0,40.14,105.14,0.9989,0.9888
slow_meta,speed_sweep,slow,300.0,True,1856246794,0.8101,2142.0,0.2251,36,0,1.33,0.8205,0.7241,1.0,0.0,1.0,1.0,0.0,0.0,2.0,1578.0,564.0,54.41,40.29,0.9991,0.9676
very_fast_nometa,speed_sweep,very_fast,300.0,False,1881427465,0.6709,2106.0,0.2134,47,0,1.12,0.5769,0.5833,1.0,1.143,1.0,1.333,1.0,1.0,1.0,1340.0,766.0,223.33,29.46,0.9997,0.9968
sesslen_300,session_sweep,medium,300.0,False,556334480,0.8734,1936.0,0.2443,48,0,1.0,0.9,0.7692,1.0,0.0,1.0,1.0,1.0,0.0,1.0,1306.0,630.0,62.19,63.0,0.9982,0.9947
sesslen_300,session_sweep,medium,300.0,False,747210491,0.7215,2316.0,0.2259,45,0,1.5,0.3704,0.6875,1.0,2.0,1.0,1.0,1.0,2.0,2.0,1638.0,678.0,68.25,67.8,0.9828,0.9578
sesslen_300,session_sweep,medium,300.0,False,1590148441,0.8608,2312.0,0.2384,39,0,1.29,0.8462,0.6957,1.0,1.0,1.0,0.0,1.0,1.0,3.0,2312.0,0.0,77.07,0.0,0.9758,0.9883
slow_nometa,speed_sweep,slow,300.0,False,1678380261,0.8608,2078.0,0.1972,24,0,1.0,0.85,0.7368,1.0,1.0,1.0,1.0,0.0,1.0,0.0,650.0,1428.0,14.77,129.82,0.9998,0.9949
very_fast_meta,speed_sweep,very_fast,300.0,True,1767819731,0.8481,2242.0,0.2215,36,0,1.11,0.9231,0.6154,1.0,1.2,1.0,1.0,1.0,1.2,1.333,2120.0,122.0,68.39,10.17,0.9951,0.9948
fast_meta,speed_sweep,fast,300.0,True,1171986019,0.8734,2134.0,0.1922,46,0,1.11,0.9375,0.7097,1.0,1.0,1.0,1.0,1.0,1.333,1.333,1504.0,630.0,65.39,63.0,0.9989,0.9993
very_fast_meta,speed_sweep,very_fast,300.0,True,1191738216,0.7848,2086.0,0.2222,45,0,1.13,0.7308,0.7222,1.0,1.286,1.0,1.167,1.0,1.0,1.167,1694.0,392.0,99.65,23.06,0.9789,0.9849
sesslen_60,session_sweep,medium,60.0,False,69133665,0.4177,2160.0,0.2115,45,0,2.17,0.3056,0.4,0.7692,2.5,0.0,2.5,1.0,2.0,0.0,824.0,1336.0,74.91,58.09,0.9637,0.8696
medium_nometa,speed_sweep,medium,300.0,False,1973308252,0.4684,1910.0,0.1968,47,0,2.5,0.1556,0.5714,0.963,0.0,1.25,0.0,0.0,4.667,1.0,0.0,1910.0,0.0,95.5,0.9637,0.9475
sesslen_120,session_sweep,medium,120.0,False,416495367,0.8481,2046.0,0.2352,42,0,1.25,0.7826,0.7692,0.9667,1.0,1.0,2.0,1.0,1.5,1.0,1424.0,622.0,54.77,56.55,0.9989,0.9874
sesslen_300,session_sweep,medium,300.0,False,227794726,0.8481,2458.0,0.2187,36,0,1.12,0.8276,0.76,0.96,1.0,1.0,2.0,1.0,1.0,1.0,894.0,1564.0,28.84,130.33,0.9998,0.9736
sesslen_120,session_sweep,medium,120.0,False,40665153,0.7595,2158.0,0.2389,49,0,1.62,0.5263,0.7297,1.0,1.5,0.0,1.0,1.0,4.0,1.5,1530.0,628.0,117.69,36.94,0.9636,0.9659
sesslen_60,session_sweep,medium,60.0,False,1973684335,0.481,2006.0,0.1965,26,0,1.6,0.9048,0.0,0.6786,0.0,2.0,2.0,1.5,1.0,0.0,1386.0,620.0,66.0,19.38,0.8883,0.9526
sesslen_300,session_sweep,medium,300.0,False,1336640678,0.7848,1998.0,0.2285,42,0,1.0,0.7273,0.6316,1.0,1.0,0.0,0.0,1.0,1.0,1.0,1368.0,630.0,62.18,42.0,0.9998,0.9888
medium_meta,speed_sweep,medium,300.0,True,185719992,0.7468,1848.0,0.1969,45,0,1.0,0.5333,0.6667,1.0,1.0,0.0,1.0,1.0,0.0,1.0,562.0,1286.0,35.12,71.44,0.9994,0.9814
sesslen_180,session_sweep,medium,180.0,False,75313425,0.7089,2260.0,0.2415,43,0,1.25,0.6053,0.7222,0.8696,1.0,1.5,1.0,1.0,1.5,1.0,1676.0,584.0,79.81,38.93,0.9466,0.9385
sesslen_60,session_sweep,medium,60.0,False,1648990894,0.5696,2082.0,0.2381,40,0,1.5,0.3846,0.3824,0.8438,0.0,1.0,0.0,1.0,1.0,2.5,782.0,1300.0,41.16,65.0,0.9604,0.9353
fast_nometa,speed_sweep,fast,300.0,False,704658728,0.8354,2226.0,0.2315,37,0,1.43,0.8261,0.6875,0.9,2.0,1.5,1.0,1.0,1.25,2.0,890.0,1336.0,29.67,111.33,0.9872,0.9891
fast_nometa,speed_sweep,fast,300.0,False,551759681,0.7595,2160.0,0.2149,47,0,1.27,0.6429,0.7241,0.9545,1.0,1.0,1.25,1.0,1.0,2.0,930.0,1230.0,62.0,72.35,0.9961,0.9584
sesslen_180,session_sweep,medium,180.0,False,1487561647,0.8101,1862.0,0.2153,36,0,1.38,0.6786,0.76,1.0,2.0,1.0,2.0,1.0,1.5,1.0,1220.0,642.0,43.57,42.8,0.9603,0.9785
slow_meta,speed_sweep,slow,300.0,True,1300000321,0.4937,1890.0,0.1972,37,3,4.67,0.8333,0.4524,0.2632,9.0,0.0,3.0,2.0,0.0,0.0,604.0,1286.0,33.56,53.58,1.0,0.9909
slow_nometa,speed_sweep,slow,300.0,False,824111984,0.7342,2452.0,0.2147,36,0,4.67,0.7391,0.7143,0.7381,0.0,12.0,0.0,1.0,1.0,0.0,1810.0,642.0,78.7,32.1,1.0,0.9855
sesslen_300,session_sweep,medium,300.0,False,242980242,0.5443,1932.0,0.2201,34,0,4.38,0.85,0.1951,1.0,8.5,0.0,1.5,1.0,0.0,6.5,0.0,1932.0,0.0,71.56,0.9281,0.9334
sesslen_120,session_sweep,medium,120.0,False,2014184568,0.7595,1810.0,0.2322,42,0,1.62,0.6667,0.76,0.9444,1.0,1.0,2.5,2.0,2.0,1.0,1220.0,590.0,50.83,45.38,0.9403,0.9555
very_fast_nometa,speed_sweep,very_fast,300.0,False,1469584509,0.8228,2171.0,0.2136,39,0,1.19,0.7778,0.6842,1.0,1.0,1.0,1.571,1.0,1.0,1.4,1571.0,600.0,60.42,42.86,0.9994,0.9933
sesslen_60,session_sweep,medium,60.0,False,1599291120,0.7975,1858.0,0.2335,39,0,1.14,0.6875,0.6875,0.9677,0.0,1.0,1.0,1.0,1.0,1.5,1364.0,494.0,54.56,32.93,0.9279,0.9455
very_fast_nometa,speed_sweep,very_fast,300.0,False,1063000986,0.7848,1788.0,0.197,42,0,1.15,0.7931,0.5926,1.0,1.2,1.0,1.0,1.0,1.5,1.5,1136.0,652.0,51.64,43.47,0.9968,0.9871
medium_meta,speed_sweep,medium,300.0,True,731048881,0.8608,2238.0,0.224,30,0,1.29,0.7568,0.7778,1.0,1.0,1.0,1.0,0.0,1.667,0.0,1496.0,742.0,39.37,67.45,0.9997,0.9921
medium_nometa,speed_sweep,medium,300.0,False,1017550007,0.519,2308.0,0.2244,42,0,2.29,0.4242,0.3793,0.9412,1.5,1.0,1.667,0.0,0.0,7.0,1652.0,656.0,97.18,32.8,0.8986,0.9275
sesslen_60,session_sweep,medium,60.0,False,1801650174,0.6456,2266.0,0.2395,38,0,1.43,0.4706,0.3,0.881,2.0,1.0,0.0,1.0,2.0,1.0,2266.0,0.0,80.93,0.0,0.9973,0.9429
medium_meta,speed_sweep,medium,300.0,True,1983810520,0.8861,2150.0,0.2166,24,0,1.25,0.8667,0.75,1.0,1.0,1.0,1.0,0.0,1.667,0.0,1458.0,692.0,31.02,86.5,0.9412,0.9804
fast_nometa,speed_sweep,fast,300.0,False,1026998632,0.5443,2036.0,0.2251,46,0,2.09,0.1765,0.6471,0.9286,1.0,1.0,3.5,0.0,4.0,2.0,840.0,1196.0,52.5,70.35,0.9361,0.929
sesslen_120,session_sweep,medium,120.0,False,759648703,0.557,2134.0,0.2318,50,0,2.5,0.2973,0.7333,0.9167,1.5,1.0,6.0,1.0,2.0,1.0,1380.0,754.0,115.0,44.35,0.9479,0.9457
very_fast_meta,speed_sweep,very_fast,300.0,True,171424985,0.7342,2172.0,0.2111,45,0,1.14,0.6923,0.5385,0.963,1.0,1.0,1.0,1.143,1.6,1.0,2172.0,0.0,135.75,0.0,0.9489,0.9901
fast_meta,speed_sweep,fast,300.0,True,2143410790,0.7848,2002.0,0.1992,42,0,1.5,0.8421,0.5862,0.9355,0.0,1.0,1.0,1.0,0.0,2.4,492.0,1510.0,24.6,88.82,0.9985,0.9811
sesslen_120,session_sweep,medium,120.0,False,727735575,0.7975,1876.0,0.2155,39,0,1.12,0.8214,0.6562,1.0,1.0,1.0,1.0,1.0,2.0,1.0,514.0,1362.0,21.42,85.12,0.98,0.9677
fast_nometa,speed_sweep,fast,300.0,False,1994535895,0.7342,1954.0,0.2144,33,0,1.54,0.8929,0.3462,0.96,4.0,1.0,1.333,1.0,1.0,2.0,1096.0,858.0,32.24,71.5,0.9778,0.8952
sesslen_60,session_sweep,medium,60.0,False,1617604713,0.6203,2380.0,0.2386,49,0,1.17,0.4,0.75,0.6818,1.0,1.0,1.5,0.0,1.0,1.0,2158.0,222.0,154.14,13.88,0.9666,0.9343
fast_nometa,speed_sweep,fast,300.0,False,1473058477,0.8354,2124.0,0.2271,33,0,1.5,0.8571,0.6111,0.9615,1.0,1.0,1.25,0.0,2.0,3.0,1680.0,444.0,50.91,34.15,0.9995,0.9822
medium_nometa,speed_sweep,medium,300.0,False,1535753978,0.8354,2302.0,0.2115,36,0,1.75,0.95,0.625,1.0,5.0,1.0,1.0,1.0,1.0,2.0,1642.0,660.0,54.73,50.77,0.9991,0.9944
slow_meta,speed_sweep,slow,300.0,True,236274163,0.8481,2088.0,0.2124,50,0,1.0,0.75,0.7568,1.0,0.0,1.0,1.0,1.0,0.0,1.0,1458.0,630.0,85.76,52.5,0.9999,0.998
very_fast_nometa,speed_sweep,very_fast,300.0,False,1924716265,0.7848,2234.0,0.22,39,0,1.09,0.7407,0.5238,1.0,1.0,1.0,1.5,1.0,1.0,1.0,1546.0,688.0,67.22,40.47,0.9927,0.9938
slow_nometa,speed_sweep,slow,300.0,False,1285522459,0.8101,1878.0,0.1968,35,0,1.0,0.8333,0.7317,1.0,0.0,1.0,1.0,0.0,0.0,1.0,558.0,1320.0,18.6,94.29,1.0,0.9857
slow_meta,speed_sweep,slow,300.0,True,1787181310,0.8101,1996.0,0.1951,45,0,1.5,0.6818,0.7143,1.0,0.0,1.0,1.0,0.0,1.0,3.0,1360.0,636.0,71.58,42.4,0.9979,0.9893
sesslen_120,session_sweep,medium,120.0,False,704666687,0.7089,2218.0,0.2396,50,0,1.43,0.4091,0.7368,1.0,1.0,0.0,2.0,1.0,3.0,1.0,1538.0,680.0,102.53,48.57,0.9246,0.9705
fast_meta,speed_sweep,fast,300.0,True,1350405651,0.8354,1980.0,0.2135,37,0,1.25,0.8485,0.7576,1.0,1.0,1.0,1.167,1.0,2.333,1.0,1314.0,666.0,45.31,51.23,0.9922,0.986
slow_meta,speed_sweep,slow,300.0,True,1789388497,0.7342,2290.0,0.2403,27,1,1.33,0.6316,0.0,1.0,0.0,1.0,0.0,0.0,2.0,0.0,1288.0,1002.0,35.78,62.62,0.9994,0.9225
sesslen_120,session_sweep,medium,120.0,False,1779307794,0.7468,2050.0,0.2315,50,0,1.56,0.6087,0.7179,1.0,1.0,0.0,3.0,1.0,2.0,1.0,1380.0,670.0,106.15,41.88,0.8839,0.8868
medium_meta,speed_sweep,medium,300.0,True,1941454059,0.8608,1906.0,0.2143,31,0,1.22,0.9412,0.7308,0.8947,1.5,1.0,1.5,0.0,1.0,1.0,1278.0,628.0,34.54,57.09,0.9908,0.989
fast_meta,speed_sweep,fast,300.0,True,2094632931,0.8228,2470.0,0.227,41,0,1.35,0.8214,0.7097,1.0,1.0,1.0,1.4,1.0,1.5,2.0,1636.0,834.0,68.17,59.57,0.9989,0.9853
sesslen_120,session_sweep,medium,120.0,False,431674020,0.7722,2028.0,0.2333,40,0,1.57,0.6087,0.7188,1.0,1.0,0.0,0.0,1.0,3.0,0.0,1348.0,680.0,53.92,48.57,0.9569,0.9881
medium_meta,speed_sweep,medium,300.0,True,767795694,0.8734,2044.0,0.2212,36,0,1.38,0.8333,0.7368,1.0,2.0,1.0,2.0,1.0,1.0,2.0,1400.0,644.0,41.18,71.56,0.9992,0.9975
fast_meta,speed_sweep,fast,300.0,True,107223845,0.8608,2318.0,0.2241,42,0,1.18,0.8947,0.625,1.0,1.25,1.0,1.0,1.0,1.2,2.0,2318.0,0.0,85.85,0.0,0.9967,0.9972
sesslen_120,session_sweep,medium,120.0,False,195911113,0.7595,1956.0,0.2141,46,0,1.14,0.75,0.5455,0.9706,0.0,1.0,1.0,1.0,0.0,1.333,776.0,1180.0,35.27,107.27,0.9659,0.9584
sesslen_120,session_sweep,medium,120.0,False,837470059,0.9114,2024.0,0.2478,41,0,1.29,0.9091,0.7273,1.0,0.0,1.0,0.0,1.0,1.0,2.0,1402.0,622.0,45.23,88.86,0.9993,0.9948
medium_nometa,speed_sweep,medium,300.0,False,1799088270,0.8608,2082.0,0.2251,37,0,1.5,0.9259,0.7,1.0,1.0,1.0,1.0,1.0,3.0,3.0,2082.0,0.0,65.06,0.0,1.0,0.9841
sesslen_60,session_sweep,medium,60.0,False,715985264,0.8101,2080.0,0.2168,36,0,1.56,0.8519,0.55,0.9375,0.0,1.0,1.0,1.0,5.0,1.333,1204.0,876.0,38.84,73.0,0.9806,0.9409
sesslen_300,session_sweep,medium,300.0,False,830563643,0.8734,1986.0,0.1958,33,0,1.22,0.9189,0.7391,0.9474,1.0,1.5,1.0,1.0,1.5,0.0,1316.0,670.0,36.56,67.0,0.9908,0.9851
very_fast_meta,speed_sweep,very_fast,300.0,True,1811965710,0.7722,2090.0,0.2252,44,0,1.17,0.8214,0.5185,1.0,1.167,1.0,1.0,1.0,1.2,1.8,1106.0,984.0,65.06,54.67,0.9959,0.9928
fast_meta,speed_sweep,fast,300.0,True,1232549296,0.8734,1820.0,0.2269,33,0,1.07,0.9565,0.7143,0.9643,1.0,1.0,1.0,1.0,1.0,1.25,1240.0,580.0,34.44,58.0,0.9772,0.9931
very_fast_meta,speed_sweep,very_fast,300.0,True,493172104,0.8734,2026.0,0.2561,47,0,1.0,0.8261,0.8,1.0,1.0,1.0,1.0,1.0,1.0,1.0,1426.0,600.0,64.82,60.0,0.9989,0.9881
medium_meta,speed_sweep,medium,300.0,True,499592901,0.7342,1978.0,0.2204,36,0,1.25,0.7143,0.7333,0.7586,1.0,1.5,1.0,1.0,1.5,1.0,936.0,1042.0,40.7,52.1,0.996,0.9954
medium_nometa,speed_sweep,medium,300.0,False,1396072404,0.8608,2099.0,0.2259,43,0,1.12,1.0,0.7105,1.0,1.0,0.0,1.0,1.0,1.0,1.5,1419.0,680.0,56.76,61.82,0.9687,0.9959
slow_meta,speed_sweep,slow,300.0,True,1805484480,0.9241,2326.0,0.2183,39,0,1.0,1.0,0.75,1.0,0.0,1.0,0.0,1.0,1.0,1.0,1696.0,630.0,49.88,105.0,0.9349,0.9856
fast_nometa,speed_sweep,fast,300.0,False,1520681216,0.6456,1988.0,0.197,27,0,1.88,0.6129,0.2857,0.963,4.0,1.2,1.0,1.0,2.0,3.333,620.0,1368.0,22.14,57.0,0.9734,0.9313
medium_nometa,speed_sweep,medium,300.0,False,559879274,0.8481,2344.0,0.2384,44,0,1.38,0.75,0.7778,0.9677,0.0,1.0,2.0,1.0,3.0,1.0,2344.0,0.0,101.91,0.0,0.9993,0.9992
fast_meta,speed_sweep,fast,300.0,True,275021230,0.8101,2032.0,0.2105,38,0,1.55,0.7586,0.68,1.0,1.0,1.0,2.0,0.0,1.0,2.0,2032.0,0.0,72.57,0.0,0.9974,0.9745
medium_nometa,speed_sweep,medium,300.0,False,384411232,0.8987,2506.0,0.2302,46,0,1.5,0.9,0.7586,1.0,0.0,0.0,2.0,1.0,0.0,1.667,1870.0,636.0,74.8,79.5,0.9986,0.9632
sesslen_120,session_sweep,medium,120.0,False,1728339232,0.5696,2506.0,0.2211,42,0,2.0,0.2273,0.5294,0.9565,3.0,0.0,1.5,2.0,0.0,1.0,1892.0,614.0,135.14,26.7,0.9058,0.9611
very_fast_meta,speed_sweep,very_fast,300.0,True,1194934170,0.7975,2202.0,0.1923,39,0,1.1,0.8077,0.6071,1.0,1.167,1.0,1.0,1.0,1.0,1.5,1534.0,668.0,63.92,41.75,0.9999,0.9927
medium_nometa,speed_sweep,medium,300.0,False,57055972,0.8481,1936.0,0.2153,45,0,1.43,1.0,0.7,1.0,0.0,0.0,1.0,1.0,0.0,2.0,1414.0,522.0,64.27,43.5,0.9997,0.9997
medium_meta,speed_sweep,medium,300.0,True,438717446,0.3924,2019.0,0.2269,30,5,2.4,0.7143,0.0312,0.5263,0.0,0.0,1.0,3.0,3.0,4.0,920.0,1099.0,40.0,42.27,1.0,0.9896
very_fast_meta,speed_sweep,very_fast,300.0,True,376256685,0.7848,2722.0,0.2111,45,0,1.26,0.6957,0.5652,1.0,1.0,1.0,2.0,1.0,1.571,1.8,934.0,1788.0,54.94,105.18,0.9999,0.9994
slow_nometa,speed_sweep,slow,300.0,False,1084433537,0.7722,2174.0,0.2105,36,0,2.33,0.6765,0.6818,1.0,4.0,0.0,2.0,0.0,1.0,0.0,2174.0,0.0,86.96,0.0,1.0,0.9935
very_fast_nometa,speed_sweep,very_fast,300.0,False,715774724,0.7468,2306.0,0.1929,45,0,1.14,0.7,0.56,1.0,1.143,1.0,1.333,1.0,1.4,1.0,998.0,1308.0,62.38,72.67,0.9612,0.9757
slow_nometa,speed_sweep,slow,300.0,False,11379668,0.5696,2043.0,0.1971,49,0,1.67,0.125,0.5349,1.0,1.0,0.0,0.0,1.0,0.0,3.0,0.0,2043.0,0.0,97.29,0.9403,0.9064
sesslen_60,session_sweep,medium,60.0,False,1880390723,0.5823,2332.0,0.2375,50,0,1.33,0.1818,0.6875,0.6111,0.0,1.0,2.0,2.0,0.0,1.0,1254.0,1078.0,89.57,71.87,0.9173,0.9542
sesslen_180,session_sweep,medium,180.0,False,1492753690,0.8608,2120.0,0.2152,42,0,1.29,0.85,0.7576,1.0,1.0,1.0,1.5,1.0,0.0,1.5,1506.0,614.0,57.92,55.82,0.9999,0.9943
slow_nometa,speed_sweep,slow,300.0,False,245200431,0.6709,2022.0,0.2173,42,0,1.25,0.6222,0.7353,0.0,1.5,0.0,1.0,0.0,0.0,0.0,824.0,1198.0,51.5,57.05,0.995,0.9605
sesslen_60,session_sweep,medium,60.0,False,108819638,0.6835,1834.0,0.2152,54,0,1.62,0.2,0.7143,0.9211,1.0,1.0,5.0,1.0,1.0,2.0,174.0,1660.0,14.5,127.69,0.9124,0.9468
sesslen_180,session_sweep,medium,180.0,False,423948494,0.7975,2430.0,0.2309,29,0,1.67,0.8286,0.6154,1.0,1.0,1.0,1.0,0.0,1.0,5.0,1758.0,672.0,50.23,44.8,0.9988,0.9806
fast_nometa,speed_sweep,fast,300.0,False,1109171360,0.8101,1938.0,0.2214,30,0,1.4,0.8667,0.5769,1.0,1.667,1.0,1.25,1.0,1.5,2.0,1458.0,480.0,42.88,32.0,0.9995,0.9886
medium_nometa,speed_sweep,medium,300.0,False,2060501652,0.8734,2152.0,0.2261,48,0,1.38,0.9091,0.7273,1.0,1.0,0.0,0.0,1.0,1.5,2.0,1472.0,680.0,70.1,68.0,0.9999,0.9986
sesslen_300,session_sweep,medium,300.0,False,207111113,0.8861,2100.0,0.2249,34,0,1.57,0.8889,0.6842,1.0,0.0,1.0,1.0,0.0,3.0,2.0,1462.0,638.0,40.61,70.89,0.9999,0.9898
fast_meta,speed_sweep,fast,300.0,True,519901079,0.8987,2372.0,0.2154,36,0,1.25,0.8788,0.7333,1.0,1.0,1.0,1.0,1.0,1.667,1.5,2372.0,0.0,67.77,0.0,0.9991,0.9863
very_fast_nometa,speed_sweep,very_fast,300.0,False,360589280,0.5443,2210.0,0.2262,45,0,1.57,0.3333,0.4444,1.0,2.0,1.0,2.0,1.0,1.667,1.5,572.0,1638.0,47.67,74.45,0.8899,0.8226
slow_meta,speed_sweep,slow,300.0,True,970728905,0.8861,2222.0,0.2096,42,0,1.0,0.8947,0.7586,1.0,1.0,0.0,0.0,1.0,1.0,1.0,2222.0,0.0,79.36,0.0,0.9997,0.9858
slow_meta,speed_sweep,slow,300.0,True,194541278,0.8481,2008.0,0.1953,51,0,1.75,1.0,0.7143,1.0,0.0,0.0,1.0,1.0,0.0,2.5,1372.0,636.0,85.75,53.0,1.0,0.9984
very_fast_meta,speed_sweep,very_fast,300.0,True,1095829226,0.8101,2388.0,0.1882,43,0,1.07,0.7857,0.6364,0.9655,1.0,1.0,1.0,1.143,1.2,1.0,1792.0,596.0,81.45,42.57,0.9961,0.9905
sesslen_180,session_sweep,medium,180.0,False,167255876,0.6962,2248.0,0.2284,43,0,1.86,0.6667,0.5333,0.8529,6.0,1.0,1.0,1.0,1.0,1.5,850.0,1398.0,36.96,107.54,0.864,0.9076
fast_meta,speed_sweep,fast,300.0,True,60347569,0.8101,2038.0,0.2122,42,0,1.46,0.7391,0.7,1.0,1.0,1.0,0.0,1.0,1.667,2.333,1314.0,724.0,59.73,48.27,0.9996,0.9917
very_fast_meta,speed_sweep,very_fast,300.0,True,1203020187,0.7848,2186.0,0.1968,44,0,1.23,0.55,0.7037,1.0,1.0,1.0,1.5,1.0,1.8,1.333,1436.0,750.0,79.78,44.12,0.9894,0.9982
slow_nometa,speed_sweep,slow,300.0,False,977062713,0.9114,2444.0,0.2329,21,0,1.5,0.825,0.0,1.0,0.0,1.0,0.0,0.0,2.0,0.0,1654.0,790.0,32.43,112.86,1.0,0.9833
slow_nometa,speed_sweep,slow,300.0,False,70143727,0.8354,2116.0,0.1972,27,0,1.5,0.7273,0.7895,1.0,1.0,1.0,0.0,1.0,3.0,0.0,662.0,1454.0,16.97,111.85,1.0,0.9833
slow_meta,speed_sweep,slow,300.0,True,1801090243,0.8481,1936.0,0.2164,40,0,1.0,0.9091,0.7674,1.0,0.0,0.0,1.0,1.0,0.0,1.0,756.0,1180.0,28.0,98.33,1.0,0.986
sesslen_180,session_sweep,medium,180.0,False,1952880875,0.519,2256.0,0.2264,51,0,1.33,0.1667,0.7407,0.9375,1.5,1.0,1.5,0.0,0.0,0.0,1586.0,670.0,158.6,37.22,0.9777,0.941
fast_nometa,speed_sweep,fast,300.0,False,230748121,0.8228,2016.0,0.2212,43,0,1.67,0.8947,0.625,0.9167,3.0,1.0,0.0,1.75,1.0,1.5,1366.0,650.0,54.64,59.09,0.9941,0.9969
medium_meta,speed_sweep,medium,300.0,True,236433594,0.8101,2206.0,0.214,30,0,1.33,0.7907,0.7,1.0,1.0,1.0,1.0,0.0,3.0,0.0,2206.0,0.0,64.88,0.0,0.9997,0.9795
sesslen_60,session_sweep,medium,60.0,False,967778541,0.6456,2192.0,0.232,46,0,1.71,0.4643,0.7391,0.75,0.0,2.667,1.0,0.0,1.0,1.0,946.0,1246.0,67.57,65.58,0.908,0.9289
sesslen_120,session_sweep,medium,120.0,False,472078640,0.8101,2026.0,0.2357,41,0,1.25,0.7647,0.7742,1.0,1.0,1.0,1.5,1.0,2.0,1.0,1446.0,580.0,60.25,41.43,0.9961,0.9814
medium_meta,speed_sweep,medium,300.0,True,1636331737,0.8101,2057.0,0.1972,33,0,1.25,0.6897,0.7,0.925,0.0,1.0,1.0,1.0,1.0,2.0,691.0,1366.0,22.29,91.07,0.9905,0.9603
medium_nometa,speed_sweep,medium,300.0,False,1451552537,0.8354,2390.0,0.2382,45,0,1.43,0.7222,0.7714,1.0,1.0,0.0,2.0,1.0,3.0,1.0,2390.0,0.0,113.81,0.0,1.0,0.9879
very_fast_nometa,speed_sweep,very_fast,300.0,False,136472160,0.7089,2288.0,0.2135,34,0,1.2,0.65,0.4667,1.0,2.0,1.0,1.0,1.0,1.0,1.25,2088.0,200.0,83.52,10.0,0.9356,0.912
sesslen_60,session_sweep,medium,60.0,False,961621218,0.6709,1986.0,0.2103,49,0,1.12,0.3,0.6286,0.8235,0.0,1.0,1.0,1.0,0.0,1.333,806.0,1180.0,53.73,78.67,0.9584,0.9296
medium_nometa,speed_sweep,medium,300.0,False,455367166,0.8734,2506.0,0.2302,47,0,1.5,0.7,0.7586,1.0,0.0,0.0,2.0,1.0,0.0,1.667,1870.0,636.0,85.0,63.6,0.9997,0.9966
medium_nometa,speed_sweep,medium,300.0,False,101071725,0.8101,2040.0,0.2193,45,0,1.12,0.7419,0.7586,1.0,1.0,0.0,1.0,1.0,2.0,1.0,1440.0,600.0,68.57,46.15,0.9993,0.9533
sesslen_120,session_sweep,medium,120.0,False,1858855232,0.5823,1928.0,0.2364,27,0,2.0,0.7111,0.1739,0.9091,4.0,1.0,1.0,1.0,2.0,0.0,1338.0,590.0,47.79,24.58,0.8912,0.941
sesslen_60,session_sweep,medium,60.0,False,98495881,0.8101,2212.0,0.2306,39,0,1.14,0.8421,0.7241,0.871,1.0,1.0,1.0,1.0,2.0,1.0,1720.0,492.0,57.33,49.2,0.9,0.9499
sesslen_120,session_sweep,medium,120.0,False,523489976,0.8734,2278.0,0.2347,47,0,1.0,0.7,0.7727,0.9574,1.0,1.0,0.0,1.0,1.0,1.0,2278.0,0.0,94.92,0.0,0.9377,0.9904
slow_meta,speed_sweep,slow,300.0,True,1547551747,0.8101,1888.0,0.2096,36,0,1.67,0.5312,0.0,1.0,0.0,1.0,0.0,0.0,3.0,0.0,1040.0,848.0,31.52,84.8,0.9707,0.9645
slow_meta,speed_sweep,slow,300.0,True,1531579718,0.7595,2270.0,0.2158,40,0,2.0,0.65,0.7073,1.0,4.0,0.0,1.0,1.0,0.0,0.0,634.0,1636.0,31.7,86.11,0.9992,0.9942
slow_nometa,speed_sweep,slow,300.0,False,624200279,0.6835,2016.0,0.1916,34,0,1.8,0.6286,0.6129,1.0,4.0,1.0,1.0,1.0,0.0,2.0,1294.0,722.0,56.26,32.82,0.9984,0.9582
sesslen_120,session_sweep,medium,120.0,False,1162626707,0.8101,1956.0,0.2141,36,0,1.25,0.8421,0.7188,1.0,1.0,0.0,1.333,1.0,2.0,0.0,776.0,1180.0,27.71,78.67,0.9954,0.9695
sesslen_180,session_sweep,medium,180.0,False,857295918,0.6709,2024.0,0.2397,33,0,1.75,0.6364,0.5484,1.0,1.0,1.0,2.667,1.0,0.0,1.5,960.0,1064.0,48.0,40.92,0.9994,0.9835
medium_meta,speed_sweep,medium,300.0,True,781754868,0.9494,2622.0,0.2233,34,0,1.38,0.9355,0.75,1.0,0.0,1.0,2.0,0.0,1.333,2.0,1986.0,636.0,48.44,159.0,0.9996,0.998
fast_nometa,speed_sweep,fast,300.0,False,566040325,0.7468,2188.0,0.23,40,0,1.6,0.7429,0.6071,1.0,1.667,1.0,1.8,0.0,2.0,1.667,1862.0,326.0,77.58,21.73,0.8668,0.9034
slow_nometa,speed_sweep,slow,300.0,False,70676288,0.8354,1996.0,0.1951,42,0,1.67,0.7368,0.7143,1.0,0.0,1.0,1.0,0.0,0.0,3.0,1360.0,636.0,56.67,48.92,0.9747,0.9891
sesslen_120,session_sweep,medium,120.0,False,1660515359,0.9367,2006.0,0.2439,24,0,1.17,0.9362,0.7143,1.0,1.0,1.0,1.0,0.0,1.5,0.0,1406.0,600.0,28.12,120.0,0.9684,0.9686
sesslen_300,session_sweep,medium,300.0,False,105777982,0.8734,1888.0,0.2154,33,0,1.43,0.88,0.6818,1.0,1.0,1.0,1.0,1.0,4.0,1.0,522.0,1366.0,14.5,136.6,0.999,0.9919
very_fast_nometa,speed_sweep,very_fast,300.0,False,1556515838,0.7848,2358.0,0.2196,43,0,1.21,0.7143,0.625,1.0,1.0,1.0,1.2,1.0,1.667,1.4,1092.0,1266.0,57.47,74.47,0.9975,0.9973
medium_meta,speed_sweep,medium,300.0,True,902461535,0.8861,2092.0,0.2267,39,0,1.25,0.9565,0.7143,1.0,1.5,1.0,1.0,1.0,1.0,2.0,1438.0,654.0,46.39,72.67,0.9984,0.9821
slow_nometa,speed_sweep,slow,300.0,False,1158310203,0.8987,2138.0,0.2103,45,0,1.5,0.8333,0.7692,1.0,0.0,1.0,2.0,0.0,2.0,1.0,2138.0,0.0,82.23,0.0,0.9998,0.9959
medium_meta,speed_sweep,medium,300.0,True,1020268098,0.7722,1966.0,0.1949,42,1,1.14,0.7667,0.6562,1.0,1.5,0.0,1.0,1.0,1.0,1.0,1380.0,586.0,57.5,45.08,0.9722,0.9672
fast_meta,speed_sweep,fast,300.0,True,1824610756,0.8101,1936.0,0.2142,41,0,1.46,0.7308,0.6923,1.0,1.0,1.0,1.333,1.0,3.0,2.0,1320.0,616.0,57.39,41.07,0.9944,0.9954
slow_nometa,speed_sweep,slow,300.0,False,1793861668,0.7089,2264.0,0.1898,40,0,1.33,0.575,0.7391,1.0,0.0,1.0,1.0,0.0,0.0,2.0,610.0,1654.0,32.11,82.7,1.0,0.9597
fast_nometa,speed_sweep,fast,300.0,False,528854302,0.8734,2290.0,0.2201,36,0,1.4,0.9545,0.6087,1.0,0.0,1.0,1.0,1.0,1.5,2.25,1648.0,642.0,49.94,64.2,0.9986,0.9884
slow_meta,speed_sweep,slow,300.0,True,331118409,0.8861,1984.0,0.222,43,0,1.5,0.8421,0.7143,1.0,0.0,1.0,0.0,1.0,2.0,2.0,1370.0,614.0,50.74,68.22,1.0,0.9855
sesslen_60,session_sweep,medium,60.0,False,1166299777,0.519,2028.0,0.2267,52,0,2.14,0.2,0.5854,0.7222,2.0,3.0,3.5,1.0,0.0,1.0,1492.0,536.0,149.2,31.53,0.9024,0.8843
sesslen_60,session_sweep,medium,60.0,False,508282861,0.3165,2174.0,0.2327,43,0,2.14,0.7273,0.2083,0.2727,0.0,5.0,0.0,1.0,1.0,1.0,374.0,1800.0,31.17,75.0,0.9899,0.9466
sesslen_120,session_sweep,medium,120.0,False,663609471,0.7848,1853.0,0.2301,42,0,1.43,0.7143,0.6857,1.0,1.0,1.0,1.0,1.0,0.0,2.5,1223.0,630.0,61.15,37.06,0.9933,0.9762
slow_nometa,speed_sweep,slow,300.0,False,1331003155,0.7975,2042.0,0.2357,41,0,1.0,0.7391,0.7619,1.0,1.0,0.0,1.0,1.0,0.0,0.0,1370.0,672.0,59.57,44.8,1.0,0.9887
sesslen_120,session_sweep,medium,120.0,False,1258663706,0.7215,2398.0,0.2434,40,0,1.25,0.68,0.7333,0.75,2.0,1.0,1.5,1.0,1.0,1.0,2172.0,226.0,94.43,14.12,0.9359,0.9401
sesslen_60,session_sweep,medium,60.0,False,1591050652,0.7722,1932.0,0.2192,39,0,1.5,0.8571,0.6923,0.76,1.0,2.0,2.0,1.0,1.5,0.0,1006.0,926.0,35.93,77.17,0.9424,0.9753
fast_meta,speed_sweep,fast,300.0,True,1197860915,0.8608,2234.0,0.2185,42,0,1.12,0.7778,0.8182,0.9667,1.0,1.0,1.5,1.0,1.0,1.5,1964.0,270.0,75.54,24.55,0.999,0.9937
sesslen_120,session_sweep,medium,120.0,False,386695637,0.8861,1863.0,0.249,34,0,1.25,0.9048,0.6471,0.9756,1.0,1.0,0.0,1.0,1.0,3.0,1073.0,790.0,29.0,98.75,0.9905,0.9822
fast_nometa,speed_sweep,fast,300.0,False,1506046712,0.8228,2290.0,0.2201,41,0,1.38,0.8261,0.6552,1.0,1.0,1.0,1.5,1.0,2.5,1.667,1648.0,642.0,68.67,45.86,0.9991,0.9977
medium_nometa,speed_sweep,medium,300.0,False,1981833815,0.5823,2162.0,0.1971,39,0,1.5,0.4667,0.2609,1.0,1.5,1.0,1.0,1.0,2.0,3.0,776.0,1386.0,40.84,66.0,0.9626,0.958
sesslen_300,session_sweep,medium,300.0,False,1232173912,0.8734,1890.0,0.1969,37,0,1.14,0.963,0.7353,1.0,1.0,1.0,1.5,1.0,1.0,1.0,570.0,1320.0,17.81,132.0,0.9464,0.9932
sesslen_60,session_sweep,medium,60.0,False,1439388186,0.4051,2378.0,0.2399,47,0,4.33,0.1081,0.7037,0.6,1.5,1.0,7.333,0.0,0.0,0.0,1680.0,698.0,168.0,31.73,0.9583,0.9427
medium_meta,speed_sweep,medium,300.0,True,816816992,0.8734,2002.0,0.1953,33,0,1.14,0.7692,0.7647,1.0,1.0,1.0,0.0,1.0,1.5,1.0,1388.0,614.0,37.51,68.22,0.983,0.9912
very_fast_nometa,speed_sweep,very_fast,300.0,False,508627463,0.7342,2054.0,0.2163,45,0,1.28,0.7407,0.5484,1.0,1.0,1.0,1.625,1.0,1.333,1.6,1424.0,630.0,109.54,30.0,0.9997,0.9973
slow_meta,speed_sweep,slow,300.0,True,2030493162,0.7975,2258.0,0.2328,45,0,1.33,0.7,0.7561,1.0,0.0,1.0,2.0,0.0,0.0,1.0,1388.0,870.0,73.05,58.0,0.9998,0.9827
very_fast_nometa,speed_sweep,very_fast,300.0,False,1106137915,0.7215,2020.0,0.1872,36,0,1.11,0.3929,0.7222,1.0,1.0,1.0,1.0,1.0,2.0,1.2,2020.0,0.0,96.19,0.0,0.9997,0.9968
fast_meta,speed_sweep,fast,300.0,True,619307070,0.7342,1976.0,0.2266,42,0,1.41,0.4706,0.7812,0.8333,1.333,1.0,1.0,1.0,3.0,1.5,1488.0,488.0,93.0,23.24,0.9552,0.9583
sesslen_60,session_sweep,medium,60.0,False,921852180,0.4177,1450.0,0.2445,48,0,1.5,0.0,0.8,0.8065,1.0,2.0,0.0,1.0,0.0,0.0,1186.0,264.0,91.23,14.67,0.9097,0.9783
sesslen_120,session_sweep,medium,120.0,False,983090624,0.6709,1942.0,0.2358,51,0,1.25,0.3636,0.6842,1.0,1.0,1.0,1.0,1.0,0.0,2.0,1360.0,582.0,136.0,32.33,0.9601,0.9506
fast_meta,speed_sweep,fast,300.0,True,903747658,0.8101,2290.0,0.2201,39,0,1.53,0.6923,0.6818,1.0,2.0,1.0,1.333,1.0,2.5,2.0,1648.0,642.0,65.92,42.8,0.9999,0.9991
very_fast_meta,speed_sweep,very_fast,300.0,True,1290719457,0.8861,2204.0,0.2269,48,0,1.11,0.76,0.88,1.0,1.0,1.0,1.4,1.0,1.4,1.0,2204.0,0.0,100.18,0.0,0.9907,0.987
slow_nometa,speed_sweep,slow,300.0,False,1817531299,0.7722,1840.0,0.2109,33,0,2.5,0.697,0.619,1.0,3.5,0.0,0.0,1.0,2.0,0.0,1040.0,800.0,37.14,44.44,1.0,0.9971
very_fast_meta,speed_sweep,very_fast,300.0,True,576278798,0.7595,2286.0,0.1946,51,0,1.29,0.6296,0.68,0.963,1.333,1.143,1.667,1.0,1.5,1.25,1688.0,598.0,140.67,37.38,0.9903,0.9756
very_fast_nometa,speed_sweep,very_fast,300.0,False,1695682276,0.8101,1876.0,0.1964,39,0,1.1,0.8065,0.64,1.0,1.0,1.0,1.4,1.0,1.0,1.25,562.0,1314.0,22.48,87.6,0.9924,0.9838
medium_meta,speed_sweep,medium,300.0,True,1978298915,0.7468,2076.0,0.1949,27,0,1.25,0.7429,0.5,0.9583,1.0,1.0,1.0,2.0,1.5,0.0,550.0,1526.0,15.28,95.38,0.9665,0.9559
slow_nometa,speed_sweep,slow,300.0,False,1252655218,0.6962,2092.0,0.1973,41,0,1.25,0.4737,0.7143,1.0,1.0,1.0,0.0,1.0,2.0,0.0,662.0,1430.0,33.1,79.44,1.0,0.9404
sesslen_60,session_sweep,medium,60.0,False,741414269,0.6582,2816.0,0.2099,54,0,1.29,0.4815,0.6667,0.9375,1.0,1.0,1.0,1.0,3.0,0.0,2118.0,698.0,264.75,41.06,0.9527,0.9564
sesslen_300,session_sweep,medium,300.0,False,1045947103,0.7468,2018.0,0.2185,38,0,1.62,0.9048,0.5135,1.0,1.5,0.0,1.5,1.0,0.0,2.5,1438.0,580.0,49.59,48.33,0.9598,0.963
slow_meta,speed_sweep,slow,300.0,True,1570027807,0.8608,2370.0,0.2164,36,0,1.0,0.8889,0.7419,1.0,0.0,1.0,1.0,0.0,0.0,1.0,2370.0,0.0,71.82,0.0,0.9994,0.9913
sesslen_180,session_sweep,medium,180.0,False,955676353,0.4051,1368.0,0.1833,51,0,1.43,0.0476,0.7083,1.0,1.5,1.0,1.5,0.0,0.0,2.0,0.0,1368.0,0.0,62.18,0.9991,0.984
fast_meta,speed_sweep,fast,300.0,True,1427227911,0.8228,1958.0,0.1942,48,0,1.21,0.9286,0.7143,0.9565,2.0,1.0,1.0,1.0,1.0,1.25,1318.0,640.0,73.22,49.23,0.9997,0.9998
slow_meta,speed_sweep,slow,300.0,True,91426104,0.5696,2256.0,0.2159,33,3,3.0,0.5952,0.0,0.5405,0.0,2.0,0.0,0.0,3.5,0.0,2256.0,0.0,77.79,0.0,0.9999,0.9906
sesslen_60,session_sweep,medium,60.0,False,477251096,0.3924,2356.0,0.2322,33,0,1.6,0.9048,0.0,0.3871,0.0,2.0,1.0,2.0,2.0,0.0,1684.0,672.0,80.19,26.88,0.9852,0.981
sesslen_300,session_sweep,medium,300.0,False,1422780029,0.7848,1921.0,0.1941,42,0,1.5,0.6667,0.68,1.0,1.0,1.0,1.0,1.0,2.0,3.0,1241.0,680.0,62.05,40.0,1.0,0.987
medium_meta,speed_sweep,medium,300.0,True,91601243,0.8354,2016.0,0.2151,47,0,1.43,0.65,0.7647,0.9524,0.0,1.5,0.0,1.0,2.0,1.5,1436.0,580.0,68.38,52.73,0.9978,0.9746
medium_nometa,speed_sweep,medium,300.0,False,845598770,0.8228,1964.0,0.1964,36,0,1.11,0.8049,0.7692,1.0,1.0,0.0,1.0,1.0,1.5,0.0,564.0,1400.0,19.45,100.0,0.9971,0.9932
medium_nometa,speed_sweep,medium,300.0,False,244162815,0.8608,2102.0,0.2155,40,0,1.5,0.9375,0.7143,0.9429,0.0,2.0,1.0,1.0,1.0,2.0,2102.0,0.0,75.07,0.0,0.9428,0.9898
medium_nometa,speed_sweep,medium,300.0,False,1078761419,0.8481,2640.0,0.2234,36,0,1.25,0.8182,0.75,0.9655,1.5,2.0,1.0,1.0,1.0,1.0,1986.0,654.0,64.06,54.5,0.996,0.9962
sesslen_300,session_sweep,medium,300.0,False,544114556,0.8861,1916.0,0.2143,51,0,1.0,1.0,0.775,1.0,0.0,0.0,1.0,1.0,0.0,1.0,1288.0,628.0,67.79,69.78,0.9977,0.998
medium_meta,speed_sweep,medium,300.0,True,1295768791,0.5949,2028.0,0.1971,36,0,1.29,0.5,0.4839,1.0,1.5,1.0,1.0,1.0,0.0,2.0,624.0,1404.0,29.71,63.82,0.8599,0.9293
sesslen_120,session_sweep,medium,120.0,False,1237142739,0.8354,2032.0,0.2342,35,0,1.12,0.7,0.6923,1.0,1.0,1.0,1.0,1.0,1.0,2.0,1392.0,640.0,42.18,58.18,0.971,0.9445
very_fast_meta,speed_sweep,very_fast,300.0,True,229673774,0.7595,2124.0,0.2216,45,0,1.16,0.64,0.7,0.9583,1.0,1.0,1.0,1.0,1.75,1.667,1428.0,696.0,95.2,36.63,0.9958,0.9945
very_fast_nometa,speed_sweep,very_fast,300.0,False,1379970354,0.8228,1968.0,0.2149,52,0,1.11,0.8824,0.697,0.931,1.0,1.0,1.0,1.222,1.167,1.167,1134.0,834.0,75.6,69.5,0.9884,0.9971
fast_nometa,speed_sweep,fast,300.0,False,718442309,0.5949,2008.0,0.2144,43,0,1.8,0.25,0.4595,1.0,3.0,1.0,4.0,1.0,0.0,1.667,730.0,1278.0,45.62,63.9,0.9556,0.9362
very_fast_nometa,speed_sweep,very_fast,300.0,False,264563540,0.7089,2236.0,0.2172,50,0,1.25,0.3846,0.7742,1.0,1.125,1.0,2.0,1.0,1.667,1.167,1918.0,318.0,159.83,18.71,0.9733,0.968
very_fast_meta,speed_sweep,very_fast,300.0,True,944637142,0.7342,1942.0,0.2085,45,0,1.16,0.5417,0.6296,1.0,1.0,1.0,2.0,1.0,1.6,1.0,1942.0,0.0,138.71,0.0,0.9955,0.9965
sesslen_300,session_sweep,medium,300.0,False,1907177462,0.8608,2640.0,0.2234,33,0,1.14,0.9062,0.7241,1.0,1.5,1.0,1.0,0.0,1.0,1.0,1986.0,654.0,56.74,59.45,0.9992,0.9816
medium_nometa,speed_sweep,medium,300.0,False,989603982,0.8987,2338.0,0.2366,41,0,1.14,0.8889,0.7857,1.0,0.0,1.0,2.0,1.0,1.0,1.0,1652.0,686.0,55.07,85.75,0.9889,0.997
sesslen_300,session_sweep,medium,300.0,False,295746058,0.8861,1856.0,0.2173,31,0,1.62,0.9655,0.6364,1.0,5.0,1.0,1.0,1.0,1.5,1.0,854.0,1002.0,21.9,111.33,0.9942,0.9745
very_fast_nometa,speed_sweep,very_fast,300.0,False,1164000697,0.7342,2166.0,0.2203,37,0,1.13,0.6296,0.5926,1.0,1.333,1.0,1.25,1.0,1.0,1.25,2166.0,0.0,98.45,0.0,0.9916,0.9962
medium_meta,speed_sweep,medium,300.0,True,1497354851,0.8608,1897.0,0.2315,44,0,1.25,0.8421,0.7241,1.0,0.0,1.0,1.5,1.0,1.0,1.5,949.0,948.0,39.54,86.18,0.9998,0.9937
slow_meta,speed_sweep,slow,300.0,True,1556595805,0.4304,1910.0,0.2195,24,3,1.33,0.6829,0.1579,0.0,1.0,0.0,1.5,0.0,0.0,0.0,0.0,1910.0,0.0,54.57,0.9216,0.9412
medium_meta,speed_sweep,medium,300.0,True,783343165,0.8987,2272.0,0.1925,35,0,1.14,0.9667,0.72,1.0,1.0,1.0,1.0,1.0,1.5,0.0,1630.0,642.0,45.28,80.25,0.9928,0.9898
sesslen_180,session_sweep,medium,180.0,False,1971336445,0.8354,1818.0,0.2411,42,0,1.38,0.85,0.7436,1.0,1.5,0.0,1.5,1.0,0.0,1.5,1426.0,392.0,59.42,30.15,0.9739,0.9879
sesslen_300,session_sweep,medium,300.0,False,611451688,0.8608,2126.0,0.2193,37,0,1.71,0.8125,0.7,0.9459,1.0,2.0,0.0,1.0,2.0,0.0,1400.0,726.0,45.16,66.0,0.952,0.9736
sesslen_60,session_sweep,medium,60.0,False,1908327755,0.6709,2002.0,0.2487,43,0,1.29,0.5294,0.6957,0.8636,1.5,1.0,1.0,2.0,1.0,1.0,614.0,1388.0,36.12,73.05,0.9512,0.9278
fast_meta,speed_sweep,fast,300.0,True,2090614142,0.8861,2290.0,0.2201,39,0,1.23,0.8519,0.7222,1.0,1.0,1.0,1.0,1.0,2.0,1.0,1648.0,642.0,53.16,71.33,0.9994,0.9872
sesslen_60,session_sweep,medium,60.0,False,1933909239,0.5949,2210.0,0.2317,48,0,1.57,0.3529,0.3333,0.8462,0.0,1.0,0.0,0.0,2.333,1.0,1152.0,1058.0,67.76,75.57,0.9673,0.9032
medium_meta,speed_sweep,medium,300.0,True,848528954,0.8861,2170.0,0.2134,40,0,1.29,0.8421,0.6842,1.0,0.0,1.0,1.0,1.0,2.0,1.5,2170.0,0.0,72.33,0.0,0.9999,0.992
sesslen_300,session_sweep,medium,300.0,False,1413093920,0.7722,2044.0,0.1964,42,0,1.25,0.6571,0.7391,1.0,1.0,1.0,1.0,1.0,2.0,0.0,588.0,1456.0,30.95,80.89,0.9994,0.9979
medium_meta,speed_sweep,medium,300.0,True,1633305428,0.7468,1968.0,0.1969,45,0,1.25,0.6818,0.5,1.0,1.0,1.0,1.0,1.0,1.0,2.0,592.0,1376.0,29.6,98.29,0.9384,0.9406
fast_meta,speed_sweep,fast,300.0,True,1789582013,0.8354,2318.0,0.2259,46,0,1.27,0.9375,0.6923,1.0,1.0,1.0,1.0,1.0,2.0,1.75,1638.0,680.0,81.9,52.31,0.9997,0.9963
sesslen_300,session_sweep,medium,300.0,False,591033821,0.8608,1962.0,0.1951,51,0,1.5,1.0,0.7027,1.0,0.0,1.0,1.0,1.0,0.0,2.5,1282.0,680.0,75.41,61.82,0.9858,0.9997
sesslen_60,session_sweep,medium,60.0,False,703317011,0.5949,2380.0,0.2288,32,0,1.71,0.7778,0.1818,0.9643,1.0,1.0,1.0,1.0,1.0,3.5,1416.0,964.0,56.64,43.82,0.9453,0.9409
medium_nometa,speed_sweep,medium,300.0,False,939645037,0.6203,2054.0,0.1972,47,0,1.75,0.4324,0.7,1.0,2.0,1.0,2.0,0.0,1.0,0.0,654.0,1400.0,93.43,56.0,0.9668,0.9414
fast_meta,speed_sweep,fast,300.0,True,1810736462,0.8608,2292.0,0.216,41,0,1.08,0.9286,0.7,1.0,1.0,1.0,1.0,1.0,1.5,0.0,1646.0,646.0,60.96,58.73,0.9988,0.9915
medium_nometa,speed_sweep,medium,300.0,False,1228943384,0.7848,1974.0,0.2133,45,0,1.14,0.4375,0.7812,0.9677,1.0,1.0,0.0,1.0,2.0,1.0,808.0,1166.0,36.73,97.17,0.9996,0.9943
medium_meta,speed_sweep,medium,300.0,True,1580176274,0.8101,2088.0,0.1956,48,0,1.33,0.6667,0.75,1.0,1.0,1.0,1.5,1.0,0.0,2.0,620.0,1468.0,38.75,97.87,0.9999,0.9983
sesslen_180,session_sweep,medium,180.0,False,85696781,0.6709,1838.0,0.2139,49,0,1.43,0.3793,0.75,1.0,1.0,1.0,1.0,1.0,4.0,1.0,658.0,1180.0,54.83,65.56,0.9631,0.9514
very_fast_meta,speed_sweep,very_fast,300.0,True,640878309,0.8228,2446.0,0.1838,44,0,1.25,0.7143,0.7419,1.0,1.0,1.0,1.333,1.0,1.75,1.5,1878.0,568.0,85.36,43.69,0.9928,0.986
medium_meta,speed_sweep,medium,300.0,True,1544961963,0.8354,1873.0,0.1944,51,0,1.0,0.5833,0.7838,1.0,1.0,1.0,1.0,1.0,0.0,1.0,473.0,1400.0,31.53,107.69,0.9991,0.999
slow_meta,speed_sweep,slow,300.0,True,1236257897,0.5443,2064.0,0.2194,30,3,1.33,0.5946,0.125,1.0,0.0,1.0,1.0,0.0,0.0,2.0,1094.0,970.0,34.19,57.06,0.9536,0.9774
medium_meta,speed_sweep,medium,300.0,True,1419129917,0.7722,2146.0,0.1951,33,0,1.14,0.6429,0.5294,1.0,0.0,1.0,0.0,1.0,1.0,2.0,1504.0,642.0,48.52,42.8,0.9066,0.9729
fast_meta,speed_sweep,fast,300.0,True,1583902167,0.7848,1918.0,0.2197,24,0,1.21,0.725,0.5385,1.0,1.0,1.0,1.5,1.0,1.5,1.0,570.0,1348.0,15.0,79.29,0.997,0.9797
very_fast_meta,speed_sweep,very_fast,300.0,True,220489304,0.7722,2208.0,0.2214,45,0,1.18,0.7,0.6471,1.0,1.0,1.0,1.0,1.0,1.667,1.571,1750.0,458.0,109.38,25.44,0.9992,0.9993
fast_nometa,speed_sweep,fast,300.0,False,2140746141,0.8734,2202.0,0.2188,42,0,1.2,0.9333,0.7353,1.0,1.5,1.0,1.0,1.0,1.0,1.5,1548.0,654.0,57.33,65.4,0.9996,0.9941
medium_nometa,speed_sweep,medium,300.0,False,1170118662,0.8101,1814.0,0.2115,40,0,1.71,0.8077,0.6774,1.0,3.0,1.0,1.0,1.0,2.0,1.0,1040.0,774.0,43.33,51.6,1.0,0.9966
medium_nometa,speed_sweep,medium,300.0,False,220374243,0.8861,2271.0,0.2475,35,0,1.25,0.9474,0.75,1.0,0.0,1.0,1.5,1.0,0.0,1.333,1641.0,630.0,46.89,70.0,0.9997,0.9942
medium_meta,speed_sweep,medium,300.0,True,964770558,0.8861,2202.0,0.2241,42,0,1.0,0.9091,0.7083,1.0,1.0,1.0,1.0,1.0,1.0,1.0,1516.0,686.0,54.14,76.22,0.9984,0.9918
slow_nometa,speed_sweep,slow,300.0,False,1312672385,0.6456,2008.0,0.1969,46,0,1.0,0.4688,0.5769,1.0,1.0,0.0,0.0,1.0,1.0,0.0,0.0,2008.0,0.0,100.4,0.972,0.9366
medium_meta,speed_sweep,medium,300.0,True,795658257,0.8481,2268.0,0.2281,30,0,1.75,0.9643,0.6333,1.0,0.0,1.0,1.0,1.0,0.0,3.0,1072.0,1196.0,28.97,99.67,0.9865,0.9846
sesslen_300,session_sweep,medium,300.0,False,287154618,0.557,1872.0,0.1962,33,0,1.38,0.5278,0.2174,1.0,3.0,1.0,1.0,1.0,1.5,1.0,542.0,1330.0,27.1,51.15,0.938,0.9487
slow_meta,speed_sweep,slow,300.0,True,1749503498,0.8481,2392.0,0.2177,36,0,1.33,0.9,0.7222,1.0,0.0,1.0,1.0,0.0,0.0,2.0,1706.0,686.0,55.03,57.17,0.9999,0.9941
fast_meta,speed_sweep,fast,300.0,True,1240331900,0.7468,2246.0,0.1869,50,0,1.5,0.4545,0.7241,1.0,1.0,1.0,2.0,1.0,4.0,1.75,1102.0,1144.0,84.77,71.5,0.9851,0.8822
fast_nometa,speed_sweep,fast,300.0,False,720894348,0.8734,2360.0,0.2106,44,0,1.12,0.8696,0.6667,1.0,1.0,1.0,1.0,1.0,1.333,1.333,1688.0,672.0,67.52,67.2,0.9993,0.9954
slow_nometa,speed_sweep,slow,300.0,False,1095616705,0.8987,1576.0,0.1943,46,0,1.0,0.0,0.75,1.0,0.0,0.0,0.0,1.0,0.0,1.0,920.0,656.0,36.8,82.0,0.9985,0.9988
fast_nometa,speed_sweep,fast,300.0,False,2029575552,0.7975,2094.0,0.2151,42,0,1.43,0.7692,0.7353,0.9474,1.5,1.5,1.5,1.0,1.5,1.0,2094.0,0.0,99.71,0.0,0.9981,0.9809
very_fast_nometa,speed_sweep,very_fast,300.0,False,957145748,0.6709,1846.0,0.2156,47,0,1.19,0.6071,0.6522,0.75,1.143,1.0,1.667,1.0,1.2,1.0,1192.0,654.0,108.36,31.14,0.9792,0.9985
fast_nometa,speed_sweep,fast,300.0,False,1963954849,0.8228,2214.0,0.2212,41,0,1.17,0.84,0.7879,0.8571,1.0,1.0,1.667,1.0,1.0,1.0,1430.0,784.0,55.0,65.33,0.9981,0.9982
very_fast_nometa,speed_sweep,very_fast,300.0,False,1615023779,0.7975,1830.0,0.1963,45,0,1.12,0.7619,0.6333,1.0,1.667,1.0,1.0,1.0,1.0,1.0,520.0,1310.0,28.89,81.88,0.9989,0.9988
fast_meta,speed_sweep,fast,300.0,True,1277616171,0.7722,2168.0,0.2125,36,0,1.5,0.6875,0.6667,1.0,2.0,1.0,1.0,1.0,2.333,1.5,634.0,1534.0,25.36,85.22,0.9953,0.9864
fast_meta,speed_sweep,fast,300.0,True,1223317775,0.7722,1964.0,0.2138,33,0,1.5,0.8421,0.3889,0.9565,1.0,1.25,1.0,1.0,1.6,5.0,1314.0,650.0,39.82,50.0,0.9397,0.9511
fast_nometa,speed_sweep,fast,300.0,False,1622552621,0.7215,1968.0,0.2138,42,0,1.31,0.6111,0.7619,0.75,0.0,1.0,0.0,1.25,1.0,1.6,1968.0,0.0,109.33,0.0,0.9877,0.9789
sesslen_120,session_sweep,medium,120.0,False,1900715263,0.7468,2428.0,0.2432,44,0,1.62,0.6552,0.6786,0.9545,1.0,1.0,1.0,1.0,2.0,3.0,1546.0,882.0,96.62,46.42,0.9998,0.9566
very_fast_meta,speed_sweep,very_fast,300.0,True,1371341576,0.8481,2324.0,0.1901,35,0,1.06,0.8966,0.6087,1.0,1.0,1.0,1.0,1.0,1.0,1.4,1652.0,672.0,51.62,56.0,0.9776,0.9955
fast_nometa,speed_sweep,fast,300.0,False,1786495177,0.8228,2258.0,0.2191,38,0,1.47,0.7368,0.7188,1.0,1.0,1.0,1.0,1.0,3.5,1.5,2258.0,0.0,83.63,0.0,0.9999,0.9979
very_fast_meta,speed_sweep,very_fast,300.0,True,1129891951,0.8354,1960.0,0.1961,48,0,1.12,1.0,0.5806,1.0,1.4,1.0,1.0,1.0,1.0,1.333,1288.0,672.0,71.56,51.69,0.9917,0.9976
slow_nometa,speed_sweep,slow,300.0,False,347511753,0.7975,2114.0,0.226,43,0,1.0,0.8261,0.7333,1.0,1.0,0.0,1.0,1.0,0.0,0.0,536.0,1578.0,26.8,98.62,0.9997,0.9838
slow_meta,speed_sweep,slow,300.0,True,2112504628,0.8734,2070.0,0.2211,31,0,2.0,0.8148,0.7647,0.9714,0.0,1.0,1.0,0.0,5.0,1.0,1426.0,644.0,36.56,71.56,0.9991,0.9927
very_fast_nometa,speed_sweep,very_fast,300.0,False,814520962,0.7975,2586.0,0.223,46,0,1.17,0.68,0.7333,1.0,1.0,1.0,1.333,1.0,1.75,1.167,1986.0,600.0,104.53,42.86,0.9796,0.9878
fast_nometa,speed_sweep,fast,300.0,False,345998854,0.8101,2290.0,0.2201,39,0,1.38,0.8286,0.6667,0.95,1.5,1.0,1.0,1.0,2.0,1.0,1648.0,642.0,63.38,45.86,0.9991,0.9875
medium_meta,speed_sweep,medium,300.0,True,1723472508,0.7468,1940.0,0.2153,36,1,1.78,0.7941,0.48,1.0,4.5,1.0,1.0,1.0,1.0,0.0,574.0,1366.0,24.96,68.3,0.9998,0.9977
sesslen_180,session_sweep,medium,180.0,False,589198790,0.5696,2298.0,0.2095,49,0,2.25,0.2667,0.6562,0.9412,1.0,2.0,2.0,1.0,4.0,5.0,1626.0,672.0,162.6,33.6,0.9437,0.9523
slow_meta,speed_sweep,slow,300.0,True,655792403,0.7342,1656.0,0.2136,27,0,3.75,0.675,0.5789,1.0,6.0,1.0,1.0,0.0,7.0,0.0,1286.0,370.0,41.48,17.62,1.0,0.9819
fast_meta,speed_sweep,fast,300.0,True,1205571239,0.8608,2214.0,0.1895,42,0,1.46,0.8421,0.6522,1.0,1.0,1.0,2.0,1.0,1.5,2.333,1632.0,582.0,62.77,52.91,0.9994,0.9956
very_fast_meta,speed_sweep,very_fast,300.0,True,1928637071,0.7848,2248.0,0.2188,39,0,1.15,0.8387,0.4211,0.9655,1.75,1.083,1.0,1.0,1.125,1.0,1532.0,716.0,61.28,47.73,0.9837,0.9658
fast_meta,speed_sweep,fast,300.0,True,2114600100,0.8608,2060.0,0.2374,44,0,1.19,0.9091,0.7429,1.0,1.0,1.0,1.5,1.0,1.5,1.25,2060.0,0.0,85.83,0.0,0.9994,0.998
very_fast_nometa,speed_sweep,very_fast,300.0,False,1724989809,0.7848,2030.0,0.2273,43,0,1.16,0.5714,0.8,1.0,1.25,1.0,1.25,1.0,1.333,1.0,1542.0,488.0,81.16,28.71,0.9912,0.9995
very_fast_nometa,speed_sweep,very_fast,300.0,False,234703538,0.7722,1790.0,0.21,48,0,1.09,0.6,0.76,1.0,1.0,1.0,1.125,1.0,1.667,1.0,1120.0,670.0,86.15,37.22,0.9969,0.9919
medium_meta,speed_sweep,medium,300.0,True,323432327,0.8481,2126.0,0.2193,47,0,1.14,0.9474,0.725,1.0,1.5,0.0,1.0,1.0,1.0,1.0,1400.0,726.0,70.0,60.5,0.9994,0.9926
very_fast_nometa,speed_sweep,very_fast,300.0,False,2066371610,0.7595,2220.0,0.2161,50,0,1.26,0.64,0.6774,1.0,1.143,1.0,1.2,1.0,1.833,1.5,2220.0,0.0,222.0,0.0,0.9981,0.9976
slow_nometa,speed_sweep,slow,300.0,False,856687047,0.7975,2175.0,0.1973,39,0,1.2,0.8,0.7647,1.0,1.0,0.0,2.0,1.0,1.0,0.0,691.0,1484.0,28.79,92.75,0.9995,0.9859
medium_nometa,speed_sweep,medium,300.0,False,928719722,0.9114,2622.0,0.2233,35,0,1.43,1.0,0.6957,1.0,1.0,1.0,1.0,1.0,1.0,2.5,1986.0,636.0,53.68,90.86,0.9993,0.9945
slow_nometa,speed_sweep,slow,300.0,False,173077499,0.7722,1392.0,0.1899,25,0,1.67,0.4545,0.0,1.0,0.0,1.0,0.0,0.0,2.0,0.0,1392.0,0.0,38.67,0.0,1.0,0.988
medium_nometa,speed_sweep,medium,300.0,False,1951139272,0.8101,1972.0,0.1949,42,0,1.25,0.7419,0.7407,1.0,1.5,1.0,1.0,1.0,1.5,1.0,1358.0,614.0,61.73,40.93,0.9983,0.9824
slow_nometa,speed_sweep,slow,300.0,False,730244957,0.557,1486.0,0.1873,46,0,1.67,0.56,0.5517,0.0,2.0,0.0,1.0,0.0,0.0,0.0,834.0,652.0,75.82,29.64,0.9993,0.9075
medium_nometa,speed_sweep,medium,300.0,False,1769938119,0.8101,1964.0,0.2127,33,0,1.5,0.8056,0.7273,0.9048,1.0,1.0,1.0,1.0,3.0,0.0,1364.0,600.0,41.33,46.15,1.0,0.9751
slow_nometa,speed_sweep,slow,300.0,False,1113468982,0.7848,2078.0,0.1972,38,0,2.25,0.7308,0.697,1.0,2.0,1.0,2.0,0.0,0.0,4.0,650.0,1428.0,27.08,84.0,1.0,0.9983
medium_nometa,speed_sweep,medium,300.0,False,1873834238,0.8608,2272.0,0.2182,49,0,1.0,1.0,0.75,1.0,1.0,0.0,1.0,1.0,0.0,1.0,1642.0,630.0,86.42,57.27,0.9997,0.9949
medium_nometa,speed_sweep,medium,300.0,False,1098343434,0.8228,2070.0,0.2211,36,0,1.29,0.7955,0.7222,1.0,1.0,1.0,1.0,0.0,3.0,0.0,1490.0,580.0,51.38,41.43,0.9758,0.952
very_fast_meta,speed_sweep,very_fast,300.0,True,665535738,0.7342,1854.0,0.1968,42,0,1.17,0.6154,0.56,1.0,1.0,1.0,1.2,1.0,1.333,1.5,556.0,1298.0,34.75,61.81,0.9992,0.9956
fast_nometa,speed_sweep,fast,300.0,False,1060534155,0.7468,2262.0,0.2481,36,0,1.72,0.6897,0.4211,1.0,1.0,1.0,1.0,1.0,2.0,4.0,1120.0,1142.0,44.8,63.44,0.9982,0.9774
sesslen_120,session_sweep,medium,120.0,False,1146340952,0.4051,2136.0,0.2321,51,0,1.2,0.0,0.7222,0.4286,1.0,1.0,0.0,1.0,0.0,2.0,982.0,1154.0,163.67,52.45,0.9789,0.9815
slow_meta,speed_sweep,slow,300.0,True,330265214,0.8354,1994.0,0.197,39,0,1.0,0.5714,0.65,1.0,0.0,1.0,0.0,1.0,0.0,1.0,650.0,1344.0,23.21,112.0,1.0,0.9956
very_fast_nometa,speed_sweep,very_fast,300.0,False,769261210,0.7848,1716.0,0.2122,49,0,1.14,0.6522,0.6786,1.0,1.143,1.0,1.2,1.0,1.333,1.25,1136.0,580.0,87.38,34.12,0.9992,0.9988
slow_meta,speed_sweep,slow,300.0,True,1373910089,0.9241,1943.0,0.1933,31,0,1.75,1.0,0.6471,1.0,0.0,1.0,1.0,0.0,1.0,4.0,1283.0,660.0,30.55,110.0,1.0,0.997
sesslen_300,session_sweep,medium,300.0,False,2085575170,0.9114,2176.0,0.2123,39,0,1.0,1.0,0.7586,1.0,1.0,0.0,1.0,1.0,1.0,1.0,1536.0,640.0,46.55,91.43,0.9979,0.9952
slow_nometa,speed_sweep,slow,300.0,False,263086471,0.7848,2020.0,0.2215,47,0,1.5,0.5789,0.7097,1.0,0.0,1.0,1.0,0.0,0.0,2.0,1384.0,636.0,92.27,37.41,0.998,0.989
slow_nometa,speed_sweep,slow,300.0,False,698520026,0.7848,1906.0,0.1971,46,0,1.0,0.7778,0.7105,1.0,1.0,0.0,0.0,1.0,1.0,0.0,586.0,1320.0,34.47,82.5,0.9942,0.9598
sesslen_300,session_sweep,medium,300.0,False,373466437,0.8481,1814.0,0.2115,40,0,1.62,0.9375,0.6562,1.0,5.0,1.0,1.0,1.0,2.0,1.0,1040.0,774.0,38.52,64.5,0.9991,0.9973
fast_nometa,speed_sweep,fast,300.0,False,2052718525,0.9114,2208.0,0.226,42,0,1.12,0.95,0.7692,1.0,1.0,1.0,1.5,1.0,1.0,1.25,1592.0,616.0,53.07,88.0,0.9885,0.9924
fast_meta,speed_sweep,fast,300.0,True,501911248,0.7975,2190.0,0.237,48,0,1.6,0.75,0.6316,1.0,1.0,0.0,2.0,1.0,0.0,2.167,1356.0,834.0,90.4,52.12,1.0,0.996
sesslen_120,session_sweep,medium,120.0,False,586426255,0.8734,2072.0,0.2201,42,0,1.12,0.9167,0.7083,0.9677,1.0,1.0,0.0,1.0,1.0,2.0,1490.0,582.0,53.21,64.67,0.998,0.9769
very_fast_meta,speed_sweep,very_fast,300.0,True,1172273431,0.7848,2842.0,0.224,45,0,1.15,0.6429,0.6818,1.0,1.167,1.0,1.75,1.0,1.2,1.0,1210.0,1632.0,67.22,102.0,0.9869,0.998
very_fast_meta,speed_sweep,very_fast,300.0,True,107985323,0.8354,2186.0,0.2222,41,0,1.11,0.8387,0.6364,1.0,1.0,1.0,1.429,1.0,1.0,1.333,1794.0,392.0,71.76,30.15,0.9948,0.9857
very_fast_meta,speed_sweep,very_fast,300.0,True,1218307621,0.7722,2296.0,0.2391,46,0,1.17,0.8276,0.5938,1.0,1.0,1.0,1.143,1.0,1.75,1.333,1056.0,1240.0,70.4,68.89,0.9994,0.9951
very_fast_nometa,speed_sweep,very_fast,300.0,False,62378737,0.8481,1970.0,0.2083,41,0,1.06,0.96,0.6207,1.0,1.0,1.0,1.0,1.0,1.2,1.25,1320.0,650.0,50.77,54.17,0.9995,0.9923
very_fast_nometa,speed_sweep,very_fast,300.0,False,1215285061,0.7975,2038.0,0.2174,42,0,1.1,0.871,0.4783,1.0,1.0,1.0,1.125,1.0,1.0,1.667,1164.0,874.0,55.43,54.62,0.9872,0.9967
sesslen_120,session_sweep,medium,120.0,False,1975292821,0.7975,2068.0,0.2405,47,0,1.14,0.8125,0.7292,1.0,1.5,0.0,1.0,1.0,0.0,1.0,1440.0,628.0,84.71,41.87,0.9844,0.9764
sesslen_60,session_sweep,medium,60.0,False,1665229417,0.5316,2408.0,0.2266,38,0,2.71,0.2812,0.5294,0.8,2.0,1.0,3.0,0.0,4.0,0.0,1284.0,1124.0,64.2,53.52,0.8895,0.9316
fast_nometa,speed_sweep,fast,300.0,False,979055735,0.6456,1902.0,0.1955,41,0,1.43,0.5,0.6429,0.9412,1.0,1.0,2.25,1.0,0.0,1.25,1338.0,564.0,49.56,51.27,0.8587,0.9169
fast_nometa,speed_sweep,fast,300.0,False,1762346660,0.8608,2030.0,0.195,39,0,1.21,0.8571,0.7222,0.9394,1.0,1.0,0.0,1.0,1.667,1.333,604.0,1426.0,20.13,142.6,0.9669,0.9897
slow_nometa,speed_sweep,slow,300.0,False,694916548,0.8734,2152.0,0.2262,30,0,3.0,0.9677,0.625,1.0,6.0,0.0,2.0,0.0,1.0,0.0,1478.0,674.0,37.9,67.4,1.0,0.9892
very_fast_meta,speed_sweep,very_fast,300.0,True,679246903,0.8608,2006.0,0.2151,53,0,1.12,0.7333,0.7812,1.0,1.0,1.0,1.0,1.0,1.5,1.2,1484.0,522.0,98.93,47.45,0.9994,0.9996
medium_nometa,speed_sweep,medium,300.0,False,61360030,0.9747,2160.0,0.2104,21,0,1.14,0.9412,0.0,1.0,0.0,1.0,0.0,0.0,1.25,0.0,2160.0,0.0,38.57,0.0,0.9967,0.9932
sesslen_120,session_sweep,medium,120.0,False,733679751,0.7215,1972.0,0.2345,51,0,1.12,0.2857,0.7407,1.0,0.0,1.0,1.0,1.0,1.0,1.5,708.0,1264.0,47.2,97.23,0.9854,0.9789
fast_meta,speed_sweep,fast,300.0,True,1569700855,0.8354,2306.0,0.2257,37,0,1.35,0.8485,0.6364,1.0,1.25,1.0,1.0,1.0,2.333,1.5,2306.0,0.0,79.52,0.0,0.9987,0.9832
fast_meta,speed_sweep,fast,300.0,True,672717376,0.8608,2310.0,0.2309,42,0,1.12,0.9524,0.697,1.0,1.0,1.0,1.25,1.0,1.0,1.25,2090.0,220.0,80.38,20.0,0.9966,0.9939
sesslen_300,session_sweep,medium,300.0,False,340651005,0.5823,2054.0,0.1959,40,0,1.67,0.4,0.1154,0.9737,0.0,1.0,0.0,1.0,1.0,3.0,1440.0,614.0,75.79,30.7,0.9388,0.9458
very_fast_meta,speed_sweep,very_fast,300.0,True,860776505,0.8228,1974.0,0.2094,46,0,1.08,0.8846,0.6333,1.0,1.0,1.0,1.0,1.0,1.0,1.6,1270.0,704.0,66.84,50.29,0.998,0.9858
very_fast_meta,speed_sweep,very_fast,300.0,True,2075252399,0.7089,2096.0,0.1951,40,0,1.15,0.5455,0.2727,1.0,1.0,1.0,1.25,1.0,1.333,2.0,1374.0,722.0,85.88,31.39,0.9996,0.9975
sesslen_300,session_sweep,medium,300.0,False,1845498193,0.7468,2028.0,0.1971,45,0,1.38,0.5,0.7179,1.0,2.5,0.0,1.0,1.0,0.0,1.0,624.0,1404.0,44.57,70.2,0.9997,0.9962
fast_nometa,speed_sweep,fast,300.0,False,702741105,0.8228,2054.0,0.2158,39,0,1.43,0.7037,0.7273,1.0,1.667,1.0,0.0,1.0,1.75,2.0,686.0,1368.0,26.38,97.71,0.9997,0.9982
slow_nometa,speed_sweep,slow,300.0,False,37767189,0.8608,1926.0,0.2439,42,0,1.0,1.0,0.7609,1.0,0.0,1.0,1.0,0.0,0.0,1.0,1534.0,392.0,59.0,35.64,0.9998,0.9955
very_fast_meta,speed_sweep,very_fast,300.0,True,1217673973,0.7848,2262.0,0.222,45,0,1.09,0.7333,0.7097,1.0,1.0,1.0,1.143,1.0,1.333,1.2,2262.0,0.0,125.67,0.0,0.9996,0.9827
sesslen_180,session_sweep,medium,180.0,False,1368462657,0.8481,1954.0,0.2372,36,0,1.14,0.8788,0.7241,1.0,1.0,1.0,1.0,0.0,0.0,2.0,1562.0,392.0,48.81,35.64,0.998,0.979
very_fast_nometa,speed_sweep,very_fast,300.0,False,657259795,0.8354,2060.0,0.2163,49,0,1.08,0.7826,0.7143,1.0,1.0,1.0,1.333,1.0,1.2,1.0,1430.0,630.0,79.44,52.5,0.9865,0.993
sesslen_180,session_sweep,medium,180.0,False,1525937858,0.6456,2102.0,0.2332,42,0,1.89,0.4167,0.65,1.0,1.0,1.0,1.0,1.0,3.667,0.0,1154.0,948.0,60.74,52.67,0.9568,0.9386
medium_meta,speed_sweep,medium,300.0,True,215502353,0.8481,2146.0,0.1951,42,0,1.71,0.7778,0.7419,1.0,0.0,1.0,1.0,1.0,5.0,1.5,1504.0,642.0,60.16,53.5,0.9999,0.9888
medium_meta,speed_sweep,medium,300.0,True,103268103,0.8608,1940.0,0.2153,31,0,1.0,0.8966,0.6522,1.0,1.0,1.0,1.0,0.0,1.0,1.0,574.0,1366.0,15.11,136.6,0.9981,0.962
very_fast_nometa,speed_sweep,very_fast,300.0,False,1967622789,0.8101,2068.0,0.1948,45,0,1.16,0.8846,0.625,1.0,1.2,1.0,1.143,1.0,1.0,1.6,1398.0,670.0,73.58,44.67,0.9877,0.9979
sesslen_60,session_sweep,medium,60.0,False,1310368924,0.6203,2184.0,0.2352,43,0,1.0,0.2143,0.7647,0.8824,1.0,1.0,0.0,1.0,1.0,1.0,1544.0,640.0,73.52,42.67,0.9211,0.9067
slow_meta,speed_sweep,slow,300.0,True,2038971511,0.8101,1996.0,0.1951,45,0,1.67,0.6316,0.7143,1.0,0.0,1.0,1.0,0.0,0.0,3.0,1360.0,636.0,68.0,45.43,0.9946,0.988
slow_meta,speed_sweep,slow,300.0,True,621384284,0.7722,2194.0,0.2455,40,1,1.33,0.85,0.6154,1.0,1.0,0.0,2.0,1.0,0.0,0.0,1330.0,864.0,49.26,72.0,1.0,0.9775
medium_nometa,speed_sweep,medium,300.0,False,829030375,0.7468,1818.0,0.2114,42,0,1.86,0.7692,0.6818,1.0,2.333,0.0,1.5,1.0,0.0,2.0,472.0,1346.0,27.76,67.3,0.9979,0.9968
slow_meta,speed_sweep,slow,300.0,True,1805290414,0.8608,2452.0,0.2147,39,0,1.0,0.6957,0.7143,1.0,0.0,1.0,0.0,1.0,1.0,0.0,1810.0,642.0,60.33,64.2,1.0,0.986
fast_nometa,speed_sweep,fast,300.0,False,2063160890,0.8101,2198.0,0.2102,45,0,1.13,0.6818,0.7037,1.0,1.0,1.0,1.0,1.0,1.5,1.5,1454.0,744.0,69.24,57.23,0.992,0.9698
sesslen_300,session_sweep,medium,300.0,False,1445112096,0.4684,2520.0,0.2301,33,0,3.43,0.5417,0.1389,1.0,6.5,0.0,2.333,1.0,0.0,3.0,1870.0,650.0,110.0,22.41,0.9883,0.9561
sesslen_180,session_sweep,medium,180.0,False,1074445434,0.6329,2244.0,0.2107,54,0,1.88,0.2857,0.7407,0.9167,2.0,1.0,1.5,1.0,6.0,1.0,1498.0,746.0,166.44,46.62,0.9389,0.9391
fast_meta,speed_sweep,fast,300.0,True,89533694,0.8481,2176.0,0.2321,39,0,1.07,0.8621,0.7241,1.0,1.0,1.0,1.333,1.0,1.0,1.0,1522.0,654.0,50.73,65.4,0.9995,0.9977
fast_meta,speed_sweep,fast,300.0,True,1573263423,0.6962,2222.0,0.2258,50,0,1.43,0.3684,0.5862,1.0,1.5,1.0,2.333,1.0,1.5,1.0,1540.0,682.0,85.56,62.0,0.8638,0.9263
very_fast_nometa,speed_sweep,very_fast,300.0,False,168362536,0.7342,1840.0,0.2331,46,0,1.23,0.72,0.5172,1.0,1.0,1.0,1.667,1.0,1.5,1.4,834.0,1006.0,59.57,52.95,0.9806,0.9666
sesslen_60,session_sweep,medium,60.0,False,35443879,0.8481,2356.0,0.2288,33,0,1.38,0.9444,0.5263,0.9524,0.0,2.0,1.0,1.0,2.0,1.0,1716.0,640.0,44.0,91.43,0.9156,0.9362
very_fast_meta,speed_sweep,very_fast,300.0,True,455546357,0.6456,2188.0,0.2257,34,0,1.29,0.6667,0.3333,0.96,1.0,1.0,1.125,1.0,2.333,1.75,902.0,1286.0,39.22,58.45,0.9571,0.944
very_fast_nometa,speed_sweep,very_fast,300.0,False,840933598,0.6329,2122.0,0.2143,51,0,1.18,0.25,0.5,1.0,1.333,1.0,1.0,1.0,1.0,1.571,1600.0,522.0,94.12,47.45,0.9445,0.9398
sesslen_60,session_sweep,medium,60.0,False,1129956365,0.5443,2026.0,0.2248,52,0,2.57,0.069,0.7,0.9,1.0,1.0,0.0,1.5,10.0,2.0,836.0,1190.0,64.31,85.0,0.97,0.959
sesslen_120,session_sweep,medium,120.0,False,1546276918,0.7468,2034.0,0.2316,29,0,2.25,0.7105,0.6087,1.0,1.0,1.0,1.5,0.0,5.0,6.0,1452.0,582.0,44.0,34.24,0.999,0.9662
sesslen_60,session_sweep,medium,60.0,False,143275,0.6203,2166.0,0.2546,50,0,1.86,0.2353,0.6667,0.8261,2.0,1.0,3.0,2.0,0.0,1.0,858.0,1308.0,71.5,76.94,0.9013,0.9492
sesslen_120,session_sweep,medium,120.0,False,657083004,0.8354,2132.0,0.2383,44,0,1.57,0.8,0.75,0.9189,1.0,0.0,0.0,1.333,3.0,1.5,1506.0,626.0,68.45,48.15,0.9939,0.9952
sesslen_180,session_sweep,medium,180.0,False,1174140777,0.8481,2110.0,0.2318,42,0,1.14,0.7619,0.76,0.9697,0.0,1.0,2.0,1.0,1.0,1.0,1468.0,642.0,56.46,58.36,0.9758,0.9971
medium_meta,speed_sweep,medium,300.0,True,1605772701,0.8228,2066.0,0.2303,39,0,1.12,0.9032,0.7105,1.0,1.5,1.0,1.0,1.0,0.0,1.0,1258.0,808.0,48.38,57.71,1.0,0.9852
fast_meta,speed_sweep,fast,300.0,True,1105694081,0.8101,2028.0,0.1945,41,0,1.24,0.7879,0.7037,1.0,1.2,1.0,1.0,1.0,1.75,1.0,1448.0,580.0,62.96,38.67,0.9961,0.9961
medium_meta,speed_sweep,medium,300.0,True,1972492593,0.8481,1886.0,0.2105,32,0,1.0,0.7188,0.75,1.0,1.0,1.0,0.0,1.0,1.0,0.0,472.0,1414.0,13.49,117.83,0.9987,0.9811
sesslen_300,session_sweep,medium,300.0,False,964490093,0.8608,1868.0,0.1967,47,0,1.14,1.0,0.7027,1.0,1.0,0.0,0.0,1.0,1.0,1.5,548.0,1320.0,26.1,120.0,0.9406,0.9981
medium_nometa,speed_sweep,medium,300.0,False,327941319,0.8228,2124.0,0.2368,37,0,1.25,0.7407,0.72,1.0,1.0,1.0,1.5,1.0,1.0,2.0,1246.0,878.0,44.5,62.71,0.9722,0.9891
slow_nometa,speed_sweep,slow,300.0,False,1916245207,0.8734,1816.0,0.2241,42,0,1.33,0.8636,0.75,1.0,0.0,1.0,0.0,1.0,2.0,0.0,1424.0,392.0,52.74,39.2,0.9982,0.9881
fast_nometa,speed_sweep,fast,300.0,False,1726209888,0.6076,2206.0,0.1943,33,0,1.57,0.5556,0.1364,1.0,0.0,1.0,1.0,1.0,2.5,3.0,918.0,1288.0,38.25,58.55,0.9916,0.9775
medium_meta,speed_sweep,medium,300.0,True,1133704551,0.8608,1976.0,0.2398,48,0,1.43,0.7778,0.7353,1.0,0.0,1.0,0.0,1.0,0.0,2.0,1412.0,564.0,70.6,51.27,0.9984,0.9972
slow_meta,speed_sweep,slow,300.0,True,1880395788,0.7215,1950.0,0.2164,36,0,1.5,0.6786,0.5517,1.0,1.0,1.0,1.0,0.0,3.0,0.0,770.0,1180.0,29.62,69.41,0.9869,0.9556
fast_meta,speed_sweep,fast,300.0,True,1520379736,0.8481,2318.0,0.2241,40,0,1.35,0.7778,0.6842,1.0,1.333,1.0,1.5,1.0,1.75,1.5,2318.0,0.0,85.85,0.0,0.9999,0.9863
sesslen_300,session_sweep,medium,300.0,False,96504883,0.8608,2078.0,0.1942,39,0,1.29,0.9231,0.7097,1.0,1.0,1.0,1.0,1.0,2.0,2.0,1478.0,600.0,50.97,54.55,0.9999,0.9925
very_fast_meta,speed_sweep,very_fast,300.0,True,1095846478,0.8101,2216.0,0.1926,38,0,1.04,0.7879,0.65,0.9615,1.143,1.0,1.0,1.0,1.0,1.0,1548.0,668.0,57.33,47.71,0.999,0.9969
sesslen_60,session_sweep,medium,60.0,False,846326842,0.5443,1450.0,0.1565,15,0,2.0,0.9211,0.1143,0.6667,3.5,2.0,1.0,0.0,0.0,0.0,1450.0,0.0,42.65,0.0,0.8872,0.909
sesslen_300,session_sweep,medium,300.0,False,493860864,0.8987,1982.0,0.2429,46,0,1.12,1.0,0.7419,1.0,0.0,1.0,0.0,1.0,1.0,1.333,1352.0,630.0,54.08,78.75,1.0,0.9984
very_fast_meta,speed_sweep,very_fast,300.0,True,1677081350,0.7848,2220.0,0.2161,47,0,1.14,0.6087,0.7576,1.0,1.0,1.0,1.667,1.0,1.25,1.0,2220.0,0.0,148.0,0.0,0.9997,0.9978
fast_nometa,speed_sweep,fast,300.0,False,861300860,0.8228,2098.0,0.2233,37,0,1.33,0.7941,0.6818,1.0,1.0,1.0,1.25,1.0,2.0,2.0,1456.0,642.0,50.21,49.38,0.9996,0.9923
sesslen_300,session_sweep,medium,300.0,False,1610536464,0.519,2024.0,0.1971,33,0,2.86,0.5789,0.2143,1.0,4.667,0.0,1.0,1.0,3.0,0.0,0.0,2024.0,0.0,72.29,0.983,0.9561
sesslen_60,session_sweep,medium,60.0,False,763419263,0.4937,1858.0,0.2268,40,0,2.17,0.5625,0.1471,0.8621,4.0,0.0,0.0,1.333,1.0,4.0,898.0,960.0,59.87,40.0,0.894,0.9206
sesslen_120,session_sweep,medium,120.0,False,2020574446,0.7342,2070.0,0.2065,29,0,1.5,0.4848,0.5,1.0,0.0,1.0,0.0,0.0,2.5,1.0,2070.0,0.0,64.69,0.0,0.9917,0.9644
sesslen_60,session_sweep,medium,60.0,False,1478977458,0.6709,1960.0,0.2543,41,0,2.78,0.3529,0.4828,1.0,1.5,1.0,8.0,1.0,4.0,3.5,886.0,1074.0,35.44,82.62,0.9255,0.8732
slow_nometa,speed_sweep,slow,300.0,False,623853420,0.7468,2648.0,0.2235,46,0,2.0,0.6842,0.7174,0.9286,2.0,0.0,1.0,0.0,0.0,3.0,2648.0,0.0,203.69,0.0,0.9987,0.9876
very_fast_nometa,speed_sweep,very_fast,300.0,False,761208865,0.8228,2130.0,0.2146,45,0,1.17,0.8824,0.6471,1.0,1.0,1.0,1.143,1.0,1.0,1.556,2130.0,0.0,106.5,0.0,0.9967,0.9985
sesslen_300,session_sweep,medium,300.0,False,208519650,0.8101,1926.0,0.2143,38,0,1.22,0.8261,0.6207,1.0,1.5,1.0,1.0,1.0,1.0,2.0,1300.0,626.0,43.33,56.91,0.937,0.9806
fast_meta,speed_sweep,fast,300.0,True,1420807432,0.8354,1932.0,0.2164,35,0,1.08,0.85,0.6667,1.0,1.0,1.0,1.0,1.0,1.0,1.333,752.0,1180.0,24.26,90.77,0.9995,0.9991
fast_nometa,speed_sweep,fast,300.0,False,1155208155,0.8608,2326.0,0.2242,40,0,1.29,0.8889,0.7143,1.0,1.0,1.0,1.5,1.0,1.667,1.5,2326.0,0.0,80.21,0.0,0.9727,0.9651
slow_meta,speed_sweep,slow,300.0,True,300807973,0.5823,2160.0,0.1967,49,1,3.0,0.3571,0.7391,1.0,1.0,0.0,1.0,0.0,7.0,0.0,1474.0,686.0,210.57,29.83,1.0,0.9485
medium_meta,speed_sweep,medium,300.0,True,362548817,0.7342,1940.0,0.2153,34,0,2.5,0.7879,0.5625,1.0,5.0,1.0,1.5,1.0,4.0,1.0,574.0,1366.0,23.92,65.05,0.9994,0.9665
very_fast_meta,speed_sweep,very_fast,300.0,True,534990921,0.7595,2250.0,0.216,46,0,1.25,0.5862,0.6667,1.0,1.0,1.0,1.667,1.0,2.0,1.0,2250.0,0.0,160.71,0.0,0.9971,0.9978
medium_meta,speed_sweep,medium,300.0,True,828159958,0.7975,2302.0,0.2408,41,0,1.38,0.6552,0.76,1.0,1.0,1.0,1.5,1.0,0.0,2.0,1702.0,600.0,70.92,42.86,0.9862,0.9469
medium_meta,speed_sweep,medium,300.0,True,271051777,0.8734,2160.0,0.2147,39,0,1.0,0.9545,0.75,1.0,1.0,0.0,1.0,1.0,0.0,1.0,1518.0,642.0,50.6,64.2,0.9968,0.9831
fast_nometa,speed_sweep,fast,300.0,False,582538458,0.8481,2100.0,0.2216,36,0,1.31,0.9615,0.6333,1.0,1.0,1.0,1.0,1.0,2.0,2.5,1152.0,948.0,37.16,79.0,0.9994,0.9956
slow_meta,speed_sweep,slow,300.0,True,294103191,0.7595,1840.0,0.2109,18,2,2.75,0.7556,0.6,1.0,6.0,1.0,2.0,0.0,2.0,0.0,1040.0,800.0,24.76,42.11,0.9828,0.9945
slow_meta,speed_sweep,slow,300.0,True,814452763,0.8481,2073.0,0.1973,36,0,1.2,0.75,0.7333,0.9722,1.0,2.0,0.0,1.0,1.0,1.0,691.0,1382.0,22.29,115.17,0.9796,0.9909
slow_nometa,speed_sweep,slow,300.0,False,925376625,0.8734,2014.0,0.1954,44,0,1.75,0.9286,0.7188,1.0,1.0,0.0,0.0,1.0,2.0,3.0,1378.0,636.0,55.12,63.6,1.0,0.9975
very_fast_nometa,speed_sweep,very_fast,300.0,False,223884076,0.8354,2138.0,0.1966,45,0,1.16,0.8214,0.6667,1.0,1.0,1.0,1.167,1.0,1.333,1.6,2138.0,0.0,101.81,0.0,0.9908,0.9986
sesslen_300,session_sweep,medium,300.0,False,1926528251,0.9114,2490.0,0.2302,35,0,1.56,0.8235,0.6364,1.0,0.0,1.0,0.0,1.0,2.5,1.667,1870.0,620.0,50.54,88.57,1.0,0.9911
sesslen_180,session_sweep,medium,180.0,False,158162760,0.4684,2082.0,0.2229,18,0,3.67,1.0,0.1143,0.3889,10.0,0.0,1.0,3.5,0.0,3.0,570.0,1512.0,17.81,52.14,0.9523,0.9779
slow_meta,speed_sweep,slow,300.0,True,13149446,0.7342,2088.0,0.2484,36,0,2.0,0.697,0.6765,1.0,3.0,0.0,1.0,1.0,0.0,0.0,732.0,1356.0,33.27,64.57,0.9987,0.9841
slow_nometa,speed_sweep,slow,300.0,False,1884031488,0.3671,2088.0,0.1973,43,0,2.5,0.4783,0.2121,0.0,2.5,0.0,2.5,0.0,0.0,0.0,0.0,2088.0,0.0,69.6,0.9991,0.9182
slow_nometa,speed_sweep,slow,300.0,False,446899854,0.7975,1974.0,0.197,26,0,1.33,0.7333,0.7333,1.0,2.0,1.0,0.0,0.0,1.0,0.0,662.0,1312.0,16.55,100.92,1.0,0.9521
very_fast_meta,speed_sweep,very_fast,300.0,True,2086306907,0.7468,2348.0,0.2244,33,0,1.11,0.5938,0.5625,1.0,1.333,1.0,2.0,1.0,1.167,1.0,1722.0,626.0,66.23,31.3,0.9994,0.9915
very_fast_meta,speed_sweep,very_fast,300.0,True,476607667,0.8861,1986.0,0.2374,45,0,1.03,0.7727,0.8333,1.0,1.0,1.0,1.333,1.0,1.0,1.0,1406.0,580.0,56.24,64.44,0.999,0.9981
fast_nometa,speed_sweep,fast,300.0,False,134855285,0.7975,2166.0,0.1931,30,0,1.65,0.7692,0.5652,1.0,1.0,1.0,1.0,1.0,3.5,3.0,1468.0,698.0,44.48,43.62,0.9873,0.9978
slow_nometa,speed_sweep,slow,300.0,False,544859475,0.5823,2174.0,0.2264,21,0,1.33,0.4043,0.7826,1.0,1.0,1.0,2.0,0.0,0.0,0.0,672.0,1502.0,26.88,45.52,0.9998,0.9955
medium_nometa,speed_sweep,medium,300.0,False,2142716761,0.9114,2128.0,0.1825,39,0,1.0,1.0,0.72,1.0,1.0,1.0,1.0,1.0,1.0,0.0,1736.0,392.0,52.61,56.0,0.9972,0.995
sesslen_60,session_sweep,medium,60.0,False,1720916220,0.6835,2712.0,0.2025,45,0,1.12,0.5,0.75,0.6757,0.0,2.0,1.0,1.0,0.0,1.0,1238.0,1474.0,65.16,98.27,0.8346,0.9301
fast_meta,speed_sweep,fast,300.0,True,737245060,0.8228,2250.0,0.2262,40,0,1.4,0.9,0.6571,1.0,1.333,1.0,1.0,1.0,2.0,2.333,1608.0,642.0,64.32,45.86,0.9956,0.994
sesslen_180,session_sweep,medium,180.0,False,2130224208,0.7342,2048.0,0.2193,51,0,1.0,0.5,0.7297,0.9545,0.0,1.0,1.0,1.0,0.0,1.0,1100.0,948.0,122.22,49.89,0.9403,0.9935
slow_nometa,speed_sweep,slow,300.0,False,723157469,0.7468,2096.0,0.2234,46,0,1.67,0.6087,0.75,0.9,1.0,0.0,0.0,1.0,3.0,0.0,1454.0,642.0,85.53,40.12,0.9926,0.9808
very_fast_nometa,speed_sweep,very_fast,300.0,False,1534008027,0.7848,2018.0,0.2143,49,0,1.11,0.7308,0.6667,0.9615,1.0,1.0,1.222,1.0,1.25,1.2,908.0,1110.0,69.85,65.29,0.997,0.9995
medium_meta,speed_sweep,medium,300.0,True,1311316514,0.8228,2250.0,0.2144,42,0,1.71,0.8947,0.6923,1.0,2.0,0.0,0.0,1.0,1.5,3.0,2250.0,0.0,97.83,0.0,1.0,0.9987
medium_nometa,speed_sweep,medium,300.0,False,790708286,0.8354,1897.0,0.1931,42,0,1.25,0.6154,0.7,1.0,1.0,1.0,0.0,1.0,1.5,1.5,1283.0,614.0,49.35,55.82,0.971,0.9268
medium_nometa,speed_sweep,medium,300.0,False,841385988,0.6329,2282.0,0.2263,36,0,2.83,0.9,0.1515,1.0,0.0,1.0,2.0,1.0,0.0,6.0,1638.0,644.0,60.67,40.25,0.9912,0.9103
slow_nometa,speed_sweep,slow,300.0,False,1074571526,0.7848,2126.0,0.2102,48,0,2.33,0.4138,0.0,1.0,0.0,1.0,0.0,0.0,3.0,0.0,1556.0,570.0,67.65,71.25,0.9863,0.9705
very_fast_meta,speed_sweep,very_fast,300.0,True,719796068,0.8228,2142.0,0.2192,49,0,1.11,0.7826,0.7188,1.0,1.0,1.0,1.429,1.0,1.25,1.0,1574.0,568.0,98.38,40.57,0.9907,0.9862
slow_nometa,speed_sweep,slow,300.0,False,1982356245,0.8734,1900.0,0.2142,45,0,1.33,1.0,0.7059,1.0,0.0,0.0,1.0,1.0,0.0,2.0,842.0,1058.0,35.08,105.8,0.9461,0.9961
sesslen_300,session_sweep,medium,300.0,False,1050696346,0.8861,2147.0,0.1897,30,0,1.5,0.875,0.6429,1.0,1.0,1.0,1.0,1.0,2.0,3.0,1517.0,630.0,37.92,70.0,1.0,0.9828
very_fast_nometa,speed_sweep,very_fast,300.0,False,1058592785,0.7342,1786.0,0.1951,37,0,1.19,0.6154,0.5,1.0,1.2,1.0,1.0,1.0,1.286,1.75,524.0,1262.0,24.95,60.1,0.9984,0.9938
very_fast_nometa,speed_sweep,very_fast,300.0,False,671509030,0.7215,2242.0,0.2111,42,0,1.28,0.6,0.6129,1.0,1.5,1.0,1.429,1.0,1.0,1.4,2242.0,0.0,149.47,0.0,0.9993,0.9979
sesslen_180,session_sweep,medium,180.0,False,1310584947,0.8734,2498.0,0.2299,27,0,1.33,0.881,0.75,1.0,1.5,0.0,2.0,1.0,1.0,0.0,2498.0,0.0,59.48,0.0,0.9991,0.9765
sesslen_60,session_sweep,medium,60.0,False,1735549905,0.7089,1400.0,0.2667,53,0,1.17,0.1111,0.6889,0.96,1.0,0.0,2.0,1.0,0.0,1.0,782.0,618.0,65.17,44.14,0.97,0.9644
very_fast_nometa,speed_sweep,very_fast,300.0,False,244690635,0.7215,2116.0,0.2128,48,0,1.21,0.5357,0.6897,1.0,1.333,1.0,1.667,1.0,1.5,1.0,1358.0,758.0,150.89,34.45,0.9997,0.9721
medium_nometa,speed_sweep,medium,300.0,False,1727767071,0.8861,2074.0,0.2095,36,0,1.12,0.8261,0.7333,0.9756,2.0,1.0,1.0,1.0,1.0,1.0,2074.0,0.0,61.0,0.0,0.9954,0.996
very_fast_meta,speed_sweep,very_fast,300.0,True,538887777,0.7595,1838.0,0.196,46,0,1.15,0.7027,0.6957,0.9474,1.0,1.0,1.143,1.0,1.5,1.667,530.0,1308.0,33.12,76.94,0.9883,0.9858
sesslen_180,session_sweep,medium,180.0,False,1746548836,0.7975,2226.0,0.2155,49,0,1.5,0.6667,0.6585,1.0,0.0,1.0,0.0,1.0,0.0,2.0,1626.0,600.0,95.65,46.15,0.9996,0.9641
sesslen_60,session_sweep,medium,60.0,False,1759368246,0.557,2708.0,0.22,53,0,2.6,0.0526,0.7692,0.619,1.0,1.0,8.0,1.0,0.0,2.0,832.0,1876.0,118.86,98.74,0.9068,0.9451
sesslen_120,session_sweep,medium,120.0,False,942172383,0.4177,2864.0,0.2472,28,0,2.71,0.8947,0.1351,0.4783,6.0,1.0,1.0,2.5,1.0,5.0,412.0,2452.0,19.62,81.73,0.8884,0.9536
medium_meta,speed_sweep,medium,300.0,True,1447637212,0.6835,1210.0,0.1601,45,0,1.43,0.6154,0.75,0.0,1.5,0.0,1.333,0.0,0.0,0.0,610.0,600.0,40.67,31.58,0.9896,0.9018
very_fast_meta,speed_sweep,very_fast,300.0,True,485879353,0.7722,2066.0,0.1967,45,0,1.22,0.7241,0.6667,0.9565,1.0,1.0,1.286,1.143,1.25,1.667,1344.0,722.0,84.0,40.11,0.9892,0.9855
fast_nometa,speed_sweep,fast,300.0,False,1757272002,0.5949,2070.0,0.2094,44,0,1.45,0.2778,0.7222,0.96,1.5,1.0,2.0,1.0,1.5,2.0,2070.0,0.0,172.5,0.0,0.9151,0.9024
sesslen_120,session_sweep,medium,120.0,False,1847074845,0.7595,1896.0,0.2227,42,0,1.0,0.6538,0.75,1.0,1.0,1.0,1.0,1.0,0.0,1.0,570.0,1326.0,31.67,69.79,0.9792,0.9763
sesslen_300,session_sweep,medium,300.0,False,1078542953,0.8228,2074.0,0.2095,45,0,1.11,0.7,0.76,0.9412,1.0,1.0,0.0,1.0,1.5,1.0,2074.0,0.0,98.76,0.0,0.9969,0.9511
fast_meta,speed_sweep,fast,300.0,True,499806283,0.8228,2180.0,0.2192,42,0,1.28,0.8684,0.7407,0.8571,1.143,0.0,1.333,2.0,1.0,1.0,1458.0,722.0,60.75,55.54,0.9956,0.9848
slow_meta,speed_sweep,slow,300.0,True,1475670062,0.7975,2138.0,0.2143,30,0,1.0,0.75,0.75,1.0,1.0,1.0,1.0,0.0,0.0,0.0,1558.0,580.0,43.28,44.62,1.0,0.951
slow_meta,speed_sweep,slow,300.0,True,1677155758,0.8228,2008.0,0.2129,33,0,3.5,0.76,0.5789,1.0,6.0,0.0,0.0,1.0,3.5,0.0,1318.0,690.0,41.19,49.29,1.0,0.9955
slow_nometa,speed_sweep,slow,300.0,False,387443326,0.7975,1886.0,0.2154,30,0,1.0,0.725,0.6429,1.0,0.0,1.0,1.0,0.0,1.0,0.0,520.0,1366.0,15.29,91.07,1.0,0.9737
sesslen_60,session_sweep,medium,60.0,False,2012574888,0.6203,1928.0,0.2388,17,0,1.14,1.0,0.0,0.8824,0.0,1.5,1.0,1.0,1.0,0.0,704.0,1224.0,20.71,43.71,0.9939,0.9837
fast_meta,speed_sweep,fast,300.0,True,1946418695,0.7975,2098.0,0.2233,36,0,1.5,0.8125,0.6,1.0,1.667,1.0,1.2,1.0,2.0,2.333,1456.0,642.0,53.93,40.12,0.9985,0.9898
sesslen_180,session_sweep,medium,180.0,False,530534523,0.4051,2270.0,0.1973,51,0,1.6,0.0,0.8,0.5926,1.0,2.5,0.0,1.0,0.0,1.0,1538.0,732.0,153.8,40.67,0.9577,0.9648
sesslen_120,session_sweep,medium,120.0,False,700704828,0.8481,2314.0,0.2377,42,0,1.25,0.7083,0.7619,1.0,1.0,1.0,1.0,1.0,2.0,1.0,2314.0,0.0,85.7,0.0,0.9882,0.9688
very_fast_nometa,speed_sweep,very_fast,300.0,False,905458984,0.7848,2396.0,0.226,39,0,1.22,0.7879,0.5909,0.9583,1.0,1.125,1.333,1.0,1.5,1.4,1798.0,598.0,78.17,35.18,0.9883,0.9766
very_fast_nometa,speed_sweep,very_fast,300.0,False,761151181,0.7595,1966.0,0.1968,40,0,1.16,0.7143,0.7097,0.9,1.25,1.0,1.0,1.143,1.0,1.5,584.0,1382.0,26.55,81.29,0.9959,0.9946
slow_nometa,speed_sweep,slow,300.0,False,934305734,0.7722,2086.0,0.221,41,0,1.0,0.7143,0.75,1.0,1.0,0.0,0.0,1.0,1.0,0.0,1504.0,582.0,68.36,36.38,0.9999,0.9813
slow_nometa,speed_sweep,slow,300.0,False,459288722,0.6962,1998.0,0.1963,37,0,2.75,0.9,0.3714,1.0,2.0,0.0,2.0,1.0,0.0,6.0,750.0,1248.0,25.0,104.0,1.0,0.9144
sesslen_180,session_sweep,medium,180.0,False,1037323841,0.8481,2128.0,0.2137,45,0,1.14,0.75,0.7576,1.0,1.0,0.0,0.0,1.0,2.0,1.0,638.0,1490.0,29.0,124.17,0.997,0.9966
sesslen_180,session_sweep,medium,180.0,False,1702001492,0.6709,1924.0,0.2243,34,0,1.57,0.6786,0.2105,0.9375,0.0,1.0,1.0,1.0,1.0,3.0,1342.0,582.0,55.92,27.71,0.9687,0.9235
sesslen_300,session_sweep,medium,300.0,False,694720120,0.9367,2388.0,0.2247,30,0,1.17,0.9722,0.7143,1.0,1.0,1.0,0.0,1.0,1.333,0.0,1638.0,750.0,37.23,150.0,0.9114,0.9854
medium_nometa,speed_sweep,medium,300.0,False,1203389352,0.7975,1800.0,0.2136,36,0,1.0,0.7812,0.7568,1.0,1.0,1.0,1.0,0.0,0.0,1.0,648.0,1152.0,24.0,72.0,0.9883,0.9858
sesslen_120,session_sweep,medium,120.0,False,1320957063,0.8101,2146.0,0.239,42,0,2.0,0.6786,0.7391,1.0,0.0,1.0,1.5,0.0,4.0,2.0,1754.0,392.0,67.46,35.64,0.9686,0.9406
sesslen_60,session_sweep,medium,60.0,False,1623353050,0.6582,2116.0,0.2355,30,0,1.83,0.8,0.2143,0.725,0.0,3.0,1.0,1.0,2.0,1.0,1070.0,1046.0,33.44,61.53,0.8757,0.9046
fast_nometa,speed_sweep,fast,300.0,False,995820806,0.7848,2118.0,0.2338,36,0,1.38,0.7692,0.6429,0.96,1.0,1.0,1.0,1.0,2.5,2.0,1438.0,680.0,49.59,48.57,1.0,0.9944
fast_meta,speed_sweep,fast,300.0,True,1949806318,0.7595,2338.0,0.2186,39,0,1.69,0.7586,0.5556,0.875,1.667,1.0,1.0,1.0,2.25,3.0,2338.0,0.0,101.65,0.0,0.9986,0.9969
very_fast_nometa,speed_sweep,very_fast,300.0,False,1103125506,0.6962,2082.0,0.2469,48,0,1.19,0.5417,0.5938,1.0,1.167,1.0,1.333,1.0,2.0,1.167,984.0,1098.0,89.45,54.9,0.9714,0.9683
slow_nometa,speed_sweep,slow,300.0,False,16328473,0.9114,2100.0,0.2395,32,0,1.0,0.9583,0.7692,1.0,0.0,1.0,0.0,1.0,0.0,1.0,1518.0,582.0,37.95,83.14,0.9894,0.9847
