condition,experiment,speed,session_length,meta,seed,hmm_accuracy,total_pnl,sharpe,n_vetoes,n_retrains,detection_lag,acc_trending,acc_mean_reverting,acc_volatile,lag_trending_to_mean_rev,lag_trending_to_volatile,lag_mean_rev_to_trending,lag_mean_rev_to_volatile,lag_volatile_to_trending,lag_volatile_to_mean_rev,pnl_when_correct,pnl_when_incorrect,avg_pnl_correct,avg_pnl_incorrect,conf_at_transition,conf_at_stable
sesslen_60,session_sweep,medium,60.0,False,1153471705,0.5443,2020.0,0.2481,15,0,1.0,0.9615,0.0303,0.85,0.0,1.0,1.0,1.0,0.0,1.0,1650.0,370.0,48.53,12.33,0.9572,0.9701
sesslen_120,session_sweep,medium,120.0,False,967915196,0.8608,2126.0,0.2137,33,0,1.75,0.7857,0.5,0.9767,0.0,1.333,0.0,1.0,2.333,2.0,1932.0,194.0,52.22,21.56,0.9125,0.9525
sesslen_180,session_sweep,medium,180.0,False,1168933988,0.8101,1900.0,0.2166,48,0,1.12,0.7692,0.7391,1.0,1.0,0.0,1.0,1.0,0.0,1.5,856.0,1044.0,53.5,69.6,0.9981,0.9951
sesslen_180,session_sweep,medium,180.0,False,512630718,0.4937,2466.0,0.1857,43,0,1.88,0.3889,0.3636,0.9412,2.5,0.0,4.0,1.0,2.0,1.0,1234.0,1232.0,94.92,53.57,0.9959,0.9578
sesslen_300,session_sweep,medium,300.0,False,447336546,0.7722,2378.0,0.2363,25,0,1.0,0.7143,0.0,1.0,0.0,1.0,1.0,0.0,1.0,0.0,1638.0,740.0,40.95,52.86,0.9498,0.9988
medium_nometa,speed_sweep,medium,300.0,False,1372930888,0.8481,1914.0,0.2149,38,0,1.12,0.76,0.7368,0.9714,0.0,1.333,1.0,1.0,1.0,1.0,1206.0,708.0,38.9,70.8,0.9905,0.989
fast_nometa,speed_sweep,fast,300.0,False,485554571,0.8481,1986.0,0.2204,40,0,1.13,0.875,0.6667,1.0,1.0,1.0,1.0,1.0,1.667,1.0,928.0,1058.0,34.37,88.17,0.9754,0.996
very_fast_nometa,speed_sweep,very_fast,300.0,False,808099094,0.7468,1834.0,0.2197,45,0,1.03,0.7619,0.5,1.0,1.0,1.0,1.0,1.0,1.25,1.0,522.0,1312.0,37.29,65.6,0.9989,0.9992
fast_meta,speed_sweep,fast,300.0,True,586572350,0.7722,1876.0,0.1961,44,0,1.12,0.8571,0.5,1.0,1.0,1.0,1.0,1.0,2.0,1.2,554.0,1322.0,25.18,101.69,0.9987,0.9756
very_fast_nometa,speed_sweep,very_fast,300.0,False,1513363688,0.7595,2356.0,0.2262,49,0,1.18,0.5,0.7143,1.0,1.0,1.0,1.667,1.0,1.25,1.25,1736.0,620.0,157.82,32.63,0.9981,0.9861
fast_meta,speed_sweep,fast,300.0,True,834783323,0.8354,2270.0,0.2249,45,0,1.33,0.6,0.6897,1.0,1.0,1.0,1.0,1.0,2.5,1.5,1636.0,634.0,77.9,48.77,0.9999,0.9989
sesslen_300,session_sweep,medium,300.0,False,593432247,0.8228,1855.0,0.2153,39,0,1.43,0.871,0.7273,0.9333,1.0,2.0,1.0,1.0,3.0,1.0,489.0,1366.0,18.81,97.57,0.9956,0.9876
medium_nometa,speed_sweep,medium,300.0,False,2038962224,0.6962,2206.0,0.214,27,0,2.86,0.6364,0.4,1.0,5.5,1.0,1.0,1.0,3.0,0.0,2206.0,0.0,78.79,0.0,1.0,0.9849
sesslen_300,session_sweep,medium,300.0,False,611483187,0.7468,1984.0,0.2162,30,0,1.5,0.8929,0.65,0.6774,0.0,1.0,1.0,2.0,2.0,2.0,804.0,1180.0,23.65,78.67,1.0,0.9975
fast_meta,speed_sweep,fast,300.0,True,1624225839,0.7848,1978.0,0.1941,43,0,1.33,0.6842,0.6667,1.0,1.2,1.0,1.0,1.0,1.75,2.0,1310.0,668.0,68.95,39.29,0.9992,0.9997
slow_nometa,speed_sweep,slow,300.0,False,1438500428,0.8734,1234.0,0.1816,51,0,1.0,0.0,0.7674,1.0,0.0,0.0,0.0,1.0,0.0,1.0,582.0,652.0,32.33,65.2,1.0,0.9999
very_fast_meta,speed_sweep,very_fast,300.0,True,1724373793,0.8101,1996.0,0.2209,42,0,1.12,0.76,0.5714,1.0,1.0,1.0,1.667,1.0,1.0,1.4,1328.0,668.0,57.74,47.71,0.9949,0.9933
very_fast_nometa,speed_sweep,very_fast,300.0,False,1690415395,0.7342,2186.0,0.2421,40,0,1.19,0.5484,0.6111,1.0,1.0,1.0,1.2,1.0,1.833,1.0,830.0,1356.0,46.11,64.57,0.9988,0.9932
very_fast_meta,speed_sweep,very_fast,300.0,True,1488134445,0.7848,2906.0,0.2365,40,0,1.12,0.8438,0.5652,0.9167,1.0,1.0,1.0,1.0,1.286,1.5,2028.0,878.0,92.18,51.65,0.9949,0.9963
sesslen_300,session_sweep,medium,300.0,False,979126540,0.8228,2130.0,0.2102,46,0,1.86,0.6818,0.7692,0.9677,2.0,2.0,2.0,1.0,2.5,1.0,2130.0,0.0,112.11,0.0,0.9884,0.9672
fast_nometa,speed_sweep,fast,300.0,False,1346481931,0.8734,2196.0,0.2258,30,0,1.31,0.9091,0.6111,1.0,2.0,1.0,1.0,1.0,1.5,1.0,1508.0,688.0,38.67,68.8,0.9987,0.9821
slow_meta,speed_sweep,slow,300.0,True,700189163,0.8101,2016.0,0.2054,29,0,1.33,0.7436,0.75,1.0,1.0,1.0,0.0,0.0,2.0,0.0,1040.0,976.0,29.71,65.07,0.9997,0.9825
sesslen_180,session_sweep,medium,180.0,False,1175286378,0.6835,2224.0,0.2156,42,0,2.5,0.5294,0.619,0.9583,1.0,1.0,2.0,1.0,4.0,6.0,1592.0,632.0,106.13,28.73,0.9999,0.9524
sesslen_300,session_sweep,medium,300.0,False,261244933,0.7215,2278.0,0.1926,37,0,1.14,0.6667,0.7059,0.85,1.0,1.5,1.0,0.0,1.0,0.0,1608.0,670.0,69.91,35.26,0.9447,0.9719
very_fast_meta,speed_sweep,very_fast,300.0,True,1485783375,0.8101,1862.0,0.2181,48,0,1.15,0.7667,0.6522,1.0,1.0,1.0,1.4,1.0,1.25,2.0,770.0,1092.0,48.12,72.8,0.9854,0.9534
slow_meta,speed_sweep,slow,300.0,True,496693555,0.5063,2472.0,0.2093,19,3,2.33,0.7222,0.0476,0.5909,4.0,0.0,0.0,1.0,2.0,0.0,832.0,1640.0,30.81,49.7,1.0,0.9866
sesslen_120,session_sweep,medium,120.0,False,337677355,0.4684,2732.0,0.2378,50,0,1.71,0.4706,0.4815,0.4444,1.5,2.0,2.0,1.0,0.0,2.0,568.0,2164.0,43.69,135.25,0.9655,0.9917
medium_meta,speed_sweep,medium,300.0,True,913425027,0.7342,1738.0,0.2208,41,0,2.0,0.4074,0.6923,0.9744,0.0,1.333,0.0,1.0,3.0,2.0,888.0,850.0,44.4,47.22,0.9997,0.9762
medium_meta,speed_sweep,medium,300.0,True,103616607,0.7975,1856.0,0.1965,43,0,1.12,0.8125,0.675,1.0,1.0,1.0,1.5,1.0,0.0,1.0,536.0,1320.0,23.3,101.54,0.9993,0.9478
sesslen_180,session_sweep,medium,180.0,False,208899192,0.6329,2048.0,0.2239,27,0,1.17,0.9048,0.0,0.9118,0.0,1.5,1.0,1.0,1.0,0.0,482.0,1566.0,15.55,74.57,0.9851,0.9936
sesslen_180,session_sweep,medium,180.0,False,246217714,0.7595,2048.0,0.2368,48,0,1.38,0.7391,0.6486,1.0,1.0,1.0,1.667,1.0,0.0,2.0,1378.0,670.0,76.56,51.54,1.0,0.9628
very_fast_meta,speed_sweep,very_fast,300.0,True,1303992867,0.7722,2124.0,0.196,45,0,1.16,0.6364,0.5238,1.0,1.0,1.0,1.25,1.0,1.667,1.333,1374.0,750.0,85.88,41.67,0.9997,0.9885
sesslen_300,session_sweep,medium,300.0,False,224786888,0.8101,1906.0,0.2143,45,0,1.75,0.6,0.7222,1.0,0.0,1.0,2.0,1.0,3.0,1.5,1278.0,628.0,60.86,48.31,0.9998,0.9942
medium_meta,speed_sweep,medium,300.0,True,428413318,0.6582,2206.0,0.2214,42,0,1.0,0.625,0.625,1.0,1.0,1.0,1.0,0.0,0.0,1.0,1528.0,678.0,80.42,37.67,0.9045,0.9339
slow_meta,speed_sweep,slow,300.0,True,1644420439,0.8101,2234.0,0.2143,45,0,1.33,0.8636,0.7209,1.0,1.0,0.0,1.0,0.0,0.0,2.0,2234.0,0.0,111.7,0.0,1.0,0.9832
sesslen_60,session_sweep,medium,60.0,False,385523268,0.7089,2356.0,0.1871,54,0,1.2,0.0,0.7143,0.8723,0.0,2.0,0.0,1.0,0.0,1.0,1360.0,996.0,113.33,76.62,0.9765,0.977
slow_nometa,speed_sweep,slow,300.0,False,1496659647,0.8354,1956.0,0.2152,45,0,1.0,1.0,0.7027,0.9259,0.0,0.0,1.0,1.0,0.0,1.0,590.0,1366.0,28.1,105.08,0.9994,0.988
medium_nometa,speed_sweep,medium,300.0,False,818713298,0.7595,2178.0,0.1931,39,0,1.5,0.7,0.7222,1.0,1.5,1.0,1.5,1.0,0.0,2.0,550.0,1628.0,26.19,85.68,0.9996,0.9876
sesslen_180,session_sweep,medium,180.0,False,1268922874,0.6456,1958.0,0.2162,48,0,1.44,0.4242,0.5,0.9667,1.0,1.0,1.0,1.0,2.333,0.0,0.0,1958.0,0.0,108.78,0.9919,0.9549
medium_nometa,speed_sweep,medium,300.0,False,110823769,0.7089,2032.0,0.1971,51,0,1.29,0.2727,0.7667,1.0,1.0,0.0,0.0,1.0,3.0,1.0,0.0,2032.0,0.0,112.89,0.9969,0.9812
very_fast_meta,speed_sweep,very_fast,300.0,True,1816084264,0.8354,2144.0,0.22,50,0,1.1,0.88,0.6429,1.0,1.0,1.0,1.25,1.0,1.333,1.0,1506.0,638.0,94.12,49.08,0.9985,0.9984
slow_meta,speed_sweep,slow,300.0,True,330060128,0.7848,2622.0,0.2233,39,0,2.0,0.8824,0.6552,0.8485,0.0,0.0,0.0,1.0,2.0,3.0,1986.0,636.0,73.56,48.92,1.0,0.9687
very_fast_nometa,speed_sweep,very_fast,300.0,False,1085286309,0.7089,2104.0,0.2188,34,0,1.13,0.6071,0.64,0.8846,1.0,1.286,1.0,1.0,1.5,1.0,2104.0,0.0,87.67,0.0,0.9996,0.9958
sesslen_120,session_sweep,medium,120.0,False,1787096350,0.6076,1448.0,0.1571,50,0,1.0,0.0,0.7895,0.9429,0.0,1.0,0.0,0.0,0.0,1.0,866.0,582.0,48.11,52.91,0.9995,0.9926
medium_nometa,speed_sweep,medium,300.0,False,342259691,0.8987,1924.0,0.2154,37,0,1.14,1.0,0.6667,1.0,2.0,1.0,0.0,1.0,1.0,1.0,558.0,1366.0,16.41,170.75,0.9969,0.9986
very_fast_nometa,speed_sweep,very_fast,300.0,False,1222640508,0.8228,2266.0,0.1805,45,0,1.17,0.84,0.6667,1.0,1.25,1.0,1.333,1.0,1.0,1.333,2266.0,0.0,107.9,0.0,0.9875,0.9837
very_fast_nometa,speed_sweep,very_fast,300.0,False,883890842,0.8101,1808.0,0.2098,41,0,1.15,0.7812,0.5789,1.0,1.0,1.0,1.333,1.0,1.333,1.5,1136.0,672.0,47.33,48.0,0.9931,0.9949
fast_meta,speed_sweep,fast,300.0,True,866561925,0.8861,2064.0,0.2222,33,0,1.24,0.8788,0.7222,1.0,1.0,1.0,1.0,1.0,1.75,2.0,1422.0,642.0,38.43,71.33,0.9905,0.9935
very_fast_meta,speed_sweep,very_fast,300.0,True,533027698,0.7975,2006.0,0.2427,48,0,1.11,0.8148,0.6333,1.0,1.222,1.0,1.0,1.0,1.5,1.0,1458.0,548.0,97.2,34.25,0.9971,0.9966
very_fast_meta,speed_sweep,very_fast,300.0,True,967432517,0.6709,1900.0,0.2153,43,0,1.26,0.6667,0.4074,1.0,1.333,1.0,1.143,1.0,1.75,1.667,1040.0,860.0,49.52,57.33,0.9788,0.9493
medium_meta,speed_sweep,medium,300.0,True,1981238120,0.4684,2238.0,0.2175,33,5,1.33,0.6452,0.1071,0.7,2.0,0.0,1.0,2.0,1.0,0.0,2238.0,0.0,101.73,0.0,0.9932,0.9689
slow_nometa,speed_sweep,slow,300.0,False,240721630,0.6962,1890.0,0.2284,43,0,1.0,0.5161,0.7188,1.0,0.0,1.0,1.0,0.0,0.0,1.0,744.0,1146.0,43.76,60.32,0.9994,0.9293
very_fast_nometa,speed_sweep,very_fast,300.0,False,1095930426,0.6835,2038.0,0.2215,52,0,1.28,0.3333,0.6087,1.0,1.0,1.0,0.0,1.0,2.0,1.6,1050.0,988.0,105.0,58.12,0.9627,0.9644
very_fast_nometa,speed_sweep,very_fast,300.0,False,398499362,0.7595,2218.0,0.2275,45,0,1.24,0.5926,0.6667,1.0,1.0,1.0,1.571,1.0,1.5,1.5,1648.0,570.0,109.87,30.0,0.9921,0.9867
fast_nometa,speed_sweep,fast,300.0,False,1249783968,0.8608,2008.0,0.2419,42,0,1.14,0.8,0.6957,1.0,1.0,1.0,1.0,1.0,1.333,1.5,1378.0,630.0,53.0,57.27,0.9981,0.9925
sesslen_300,session_sweep,medium,300.0,False,221089177,0.8481,2446.0,0.2357,36,0,1.43,0.75,0.7368,1.0,2.0,1.0,1.5,1.0,2.0,1.0,1556.0,890.0,48.62,80.91,0.9947,0.9764
slow_meta,speed_sweep,slow,300.0,True,1328501175,0.7848,2140.0,0.2266,30,0,1.25,0.725,0.75,1.0,1.0,1.0,1.0,0.0,2.0,0.0,1510.0,630.0,44.41,42.0,0.9995,0.965
slow_meta,speed_sweep,slow,300.0,True,776877292,0.7595,2187.0,0.1972,33,0,1.75,0.7556,0.7647,0.7647,1.0,2.0,2.0,0.0,2.0,0.0,691.0,1496.0,23.03,93.5,0.9819,0.9831
sesslen_300,session_sweep,medium,300.0,False,104968039,0.7975,1966.0,0.1966,36,0,1.14,0.6471,0.7333,1.0,0.0,1.0,1.0,0.0,0.0,1.5,582.0,1384.0,20.79,92.27,1.0,0.984
slow_nometa,speed_sweep,slow,300.0,False,572658800,0.9873,1504.0,0.1952,30,0,1.33,0.9677,0.0,1.0,0.0,1.0,0.0,0.0,1.5,0.0,1504.0,0.0,31.33,0.0,0.9999,0.9939
sesslen_300,session_sweep,medium,300.0,False,2054458580,0.7595,2602.0,0.2252,33,0,1.29,0.9655,0.5714,0.6667,0.0,1.5,1.0,0.0,1.0,1.5,1584.0,1018.0,52.8,63.62,0.8906,0.9421
slow_nometa,speed_sweep,slow,300.0,False,834027594,0.7722,2078.0,0.1972,38,0,1.25,0.7143,0.75,1.0,1.5,0.0,0.0,1.0,1.0,0.0,650.0,1428.0,28.26,79.33,0.9999,0.9942
very_fast_nometa,speed_sweep,very_fast,300.0,False,398974074,0.8101,2164.0,0.236,44,0,1.16,0.7368,0.6429,1.0,1.0,1.0,1.333,1.0,1.0,1.571,1566.0,598.0,74.57,42.71,0.9869,0.9971
sesslen_60,session_sweep,medium,60.0,False,1291814731,0.5696,2090.0,0.2157,48,0,2.62,0.2,0.6333,0.875,2.0,1.0,3.0,1.0,8.0,1.0,930.0,1160.0,71.54,64.44,0.9458,0.9663
very_fast_meta,speed_sweep,very_fast,300.0,True,477094089,0.6835,1918.0,0.2204,43,0,1.24,0.7037,0.6061,0.7895,1.111,1.0,1.4,1.4,1.0,1.333,1026.0,892.0,60.35,46.95,0.9969,0.9458
fast_meta,speed_sweep,fast,300.0,True,1445694431,0.8608,2504.0,0.2302,37,0,1.4,1.0,0.6667,0.9655,1.0,1.0,1.0,1.0,1.0,3.0,1870.0,634.0,60.32,57.64,0.9969,0.9893
sesslen_120,session_sweep,medium,120.0,False,44178227,0.5823,2182.0,0.228,51,0,1.62,0.3448,0.7419,0.6842,1.0,2.0,3.0,1.0,1.0,1.0,972.0,1210.0,88.36,71.18,0.8769,0.9309
sesslen_120,session_sweep,medium,120.0,False,359134096,0.481,2908.0,0.2467,39,0,2.6,0.4242,0.2759,0.9412,0.0,0.0,1.0,1.0,0.0,5.0,2276.0,632.0,162.57,24.31,0.9389,0.9678
very_fast_nometa,speed_sweep,very_fast,300.0,False,1251377388,0.7722,2114.0,0.1964,46,0,1.17,0.7586,0.5417,1.0,1.125,1.0,1.167,1.0,1.429,1.5,1440.0,674.0,96.0,37.44,0.9959,0.9863
sesslen_60,session_sweep,medium,60.0,False,206509824,0.6076,2050.0,0.2263,49,0,2.43,0.087,0.6522,0.9394,2.0,1.0,1.0,1.0,6.0,3.0,1650.0,400.0,110.0,26.67,0.9577,0.9546
very_fast_meta,speed_sweep,very_fast,300.0,True,26333175,0.8354,2262.0,0.2253,46,0,1.12,0.8,0.7037,1.0,1.0,1.0,1.167,1.0,1.25,1.333,2262.0,0.0,113.1,0.0,0.9987,0.9831
fast_nometa,speed_sweep,fast,300.0,False,1278695159,0.7848,1910.0,0.2145,36,0,1.5,0.7619,0.6667,0.9474,1.25,1.0,1.333,1.5,2.0,2.0,1304.0,606.0,44.97,43.29,0.9854,0.9875
slow_nometa,speed_sweep,slow,300.0,False,1932979353,0.6076,2344.0,0.2271,38,0,2.5,0.4727,0.8,1.0,1.0,0.0,2.0,0.0,6.0,0.0,1642.0,702.0,82.1,33.43,1.0,0.9333
fast_meta,speed_sweep,fast,300.0,True,1764851065,0.8608,2190.0,0.237,48,0,1.47,0.7143,0.6667,1.0,0.0,1.0,2.0,1.0,2.0,1.833,1356.0,834.0,67.8,75.82,0.9994,0.9992
medium_meta,speed_sweep,medium,300.0,True,1132082232,0.8228,2018.0,0.2408,36,0,1.0,0.7368,0.6667,1.0,1.0,1.0,1.0,1.0,1.0,0.0,1348.0,670.0,44.93,51.54,0.995,0.9849
slow_meta,speed_sweep,slow,300.0,True,772734878,0.8228,1556.0,0.1757,49,0,1.5,0.0,0.75,0.9592,0.0,0.0,0.0,1.0,0.0,2.0,1556.0,0.0,81.89,0.0,1.0,0.9998
very_fast_nometa,speed_sweep,very_fast,300.0,False,2134161317,0.6076,2012.0,0.1954,27,0,1.17,0.5172,0.2609,1.0,1.5,1.0,1.167,1.0,1.5,1.5,802.0,1210.0,29.7,48.4,0.9594,0.975
sesslen_300,session_sweep,medium,300.0,False,894006284,0.7595,1924.0,0.2154,38,0,1.22,0.8065,0.6538,0.8182,1.0,0.0,1.0,1.667,1.0,0.0,558.0,1366.0,21.46,91.07,0.9697,0.9884
very_fast_nometa,speed_sweep,very_fast,300.0,False,1385020394,0.7848,1860.0,0.2311,47,0,1.11,0.8621,0.5357,1.0,1.0,1.0,1.333,1.0,1.25,1.0,804.0,1056.0,53.6,62.12,0.9974,0.9979
slow_meta,speed_sweep,slow,300.0,True,2047718154,0.5316,1582.0,0.1825,12,3,1.0,1.0,0.0,0.6667,0.0,1.0,1.0,1.0,0.0,0.0,230.0,1352.0,6.97,39.76,0.9948,0.9943
sesslen_60,session_sweep,medium,60.0,False,1738991870,0.6582,1598.0,0.1854,24,0,1.67,0.7812,0.1176,0.8333,2.0,1.0,1.5,0.0,2.0,0.0,1336.0,262.0,39.29,12.48,0.9979,0.939
slow_meta,speed_sweep,slow,300.0,True,1915176589,0.7848,1962.0,0.2142,26,0,1.67,0.7333,0.7826,1.0,1.0,1.0,3.0,0.0,0.0,0.0,946.0,1016.0,26.28,59.76,1.0,0.9719
very_fast_nometa,speed_sweep,very_fast,300.0,False,435912246,0.7089,1938.0,0.1973,44,0,1.21,0.6667,0.5,0.963,1.2,1.125,1.25,1.0,1.0,2.0,618.0,1320.0,51.5,57.39,0.9783,0.9958
very_fast_nometa,speed_sweep,very_fast,300.0,False,456727212,0.8228,2044.0,0.2254,45,0,1.29,0.9048,0.6562,0.9615,1.0,1.167,1.125,1.0,1.0,1.8,2044.0,0.0,102.2,0.0,0.9959,0.9914
sesslen_300,session_sweep,medium,300.0,False,1588352699,0.8608,2098.0,0.2176,39,0,1.38,0.9032,0.75,1.0,1.0,1.0,1.667,0.0,0.0,2.0,1498.0,600.0,51.66,54.55,0.9998,0.9887
fast_meta,speed_sweep,fast,300.0,True,1763520219,0.7089,1958.0,0.2226,27,0,1.6,0.7812,0.3846,1.0,1.75,1.0,1.0,1.0,3.5,1.5,1306.0,652.0,38.41,36.22,0.8824,0.9139
fast_meta,speed_sweep,fast,300.0,True,829455420,0.8228,2568.0,0.2298,44,0,1.31,0.8,0.7143,1.0,1.25,1.0,1.0,1.0,2.0,1.5,1870.0,698.0,89.05,49.86,0.9983,0.9969
very_fast_meta,speed_sweep,very_fast,300.0,True,1480831645,0.6203,2048.0,0.2327,48,2,1.41,0.4783,0.4783,0.8182,1.5,1.2,1.5,1.571,1.5,1.286,1500.0,548.0,93.75,36.53,0.9798,0.9668
fast_nometa,speed_sweep,fast,300.0,False,709387514,0.8354,2092.0,0.2208,43,0,1.41,0.85,0.7222,1.0,1.0,1.0,1.0,1.0,2.5,2.0,1442.0,650.0,62.7,50.0,0.999,0.9907
medium_meta,speed_sweep,medium,300.0,True,849209394,0.8734,2040.0,0.2126,40,0,1.17,0.8571,0.7407,1.0,1.0,1.0,2.0,1.0,1.0,1.0,1340.0,700.0,46.21,70.0,0.9999,0.9811
sesslen_120,session_sweep,medium,120.0,False,919650655,0.7215,2024.0,0.2221,37,0,1.5,0.84,0.3571,1.0,0.0,1.0,1.0,1.0,0.0,2.5,966.0,1058.0,32.2,88.17,0.999,0.9546
very_fast_nometa,speed_sweep,very_fast,300.0,False,1758619341,0.7089,3012.0,0.2482,44,0,1.27,0.8,0.4074,0.9259,1.25,1.2,1.4,1.0,1.0,2.0,1880.0,1132.0,85.45,87.08,0.9882,0.9875
fast_nometa,speed_sweep,fast,300.0,False,80209089,0.8354,2192.0,0.2358,40,0,1.38,0.7647,0.7188,1.0,2.5,1.0,1.333,1.0,0.0,1.333,2192.0,0.0,84.31,0.0,0.9998,0.9991
sesslen_180,session_sweep,medium,180.0,False,174401327,0.8354,2398.0,0.2435,38,0,1.33,0.92,0.75,0.8889,1.0,0.0,2.0,1.0,2.0,1.0,1372.0,1026.0,49.0,78.92,0.9984,0.9875
sesslen_120,session_sweep,medium,120.0,False,21528054,0.6835,2182.0,0.2354,47,0,1.43,0.4324,0.7895,1.0,1.0,1.0,2.0,1.0,2.0,0.0,1428.0,754.0,95.2,44.35,0.9446,0.9456
slow_meta,speed_sweep,slow,300.0,True,1156276703,0.7722,2720.0,0.2235,49,0,2.0,0.0,0.5,0.9388,0.0,0.0,0.0,1.0,0.0,2.5,1986.0,734.0,94.57,81.56,1.0,0.9979
medium_nometa,speed_sweep,medium,300.0,False,830138344,0.8987,2272.0,0.2264,34,0,1.0,0.9167,0.7391,1.0,1.0,1.0,1.0,1.0,1.0,1.0,1638.0,634.0,44.27,79.25,0.9983,0.9982
sesslen_180,session_sweep,medium,180.0,False,838121894,0.6076,1774.0,0.2214,48,0,1.62,0.5625,0.7222,0.5862,1.0,1.5,1.0,2.0,2.0,0.0,910.0,864.0,60.67,54.0,0.9479,0.9911
fast_meta,speed_sweep,fast,300.0,True,61846430,0.8101,2064.0,0.2133,47,0,1.35,0.625,0.7273,1.0,1.333,1.0,1.0,1.0,2.25,1.0,1492.0,572.0,78.53,44.0,0.9989,0.9907
fast_meta,speed_sweep,fast,300.0,True,1997564621,0.5823,1594.0,0.208,9,1,1.0,1.0,0.0,0.8421,0.0,1.0,1.0,1.0,1.0,0.0,1370.0,224.0,34.25,7.47,1.0,0.9973
sesslen_180,session_sweep,medium,180.0,False,1301802361,0.8228,2070.0,0.2429,42,0,1.38,0.7714,0.8438,0.9167,1.0,1.0,1.25,0.0,0.0,3.0,2070.0,0.0,86.25,0.0,0.9749,0.9518
medium_nometa,speed_sweep,medium,300.0,False,1595680596,0.6076,1488.0,0.2107,12,0,1.0,0.8718,0.0,1.0,0.0,0.0,1.0,1.0,1.0,0.0,832.0,656.0,22.49,21.87,1.0,1.0
very_fast_nometa,speed_sweep,very_fast,300.0,False,134099601,0.7342,2008.0,0.2153,36,0,1.16,0.7,0.5455,0.9259,1.2,1.125,1.0,1.0,1.333,1.333,760.0,1248.0,33.04,62.4,0.9903,0.9794
sesslen_60,session_sweep,medium,60.0,False,111197933,0.6203,2112.0,0.2471,46,0,1.86,0.4146,0.7778,0.8621,1.0,1.5,0.0,1.0,2.667,0.0,1532.0,580.0,66.61,58.0,0.9456,0.9103
sesslen_300,session_sweep,medium,300.0,False,2170730,0.8734,1966.0,0.2268,36,0,1.29,0.913,0.7037,1.0,1.0,1.0,1.0,1.0,0.0,2.0,1366.0,600.0,41.39,60.0,0.9999,0.998
sesslen_300,session_sweep,medium,300.0,False,543496194,0.8354,2132.0,0.2158,48,0,1.14,0.8,0.7143,1.0,0.0,1.0,1.0,1.0,0.0,1.333,2132.0,0.0,118.44,0.0,0.9999,0.9935
sesslen_60,session_sweep,medium,60.0,False,419000097,0.6582,1930.0,0.2272,43,0,1.89,0.5263,0.5625,0.75,2.0,1.5,0.0,2.0,1.5,2.5,938.0,992.0,39.08,82.67,0.9364,0.8969
sesslen_60,session_sweep,medium,60.0,False,27548795,0.7468,2572.0,0.2336,24,0,1.29,0.9615,0.0526,0.9706,1.0,1.0,0.0,1.5,1.333,0.0,1820.0,752.0,44.39,53.71,0.955,0.9799
medium_nometa,speed_sweep,medium,300.0,False,1796366292,0.5316,1986.0,0.1907,18,0,1.2,0.95,0.0,0.92,0.0,0.0,1.0,1.0,1.5,0.0,1986.0,0.0,70.93,0.0,0.9988,0.986
sesslen_180,session_sweep,medium,180.0,False,792406304,0.5823,1892.0,0.2197,21,0,3.25,0.9655,0.129,0.7368,7.5,1.0,1.5,2.0,1.0,4.0,1558.0,334.0,47.21,13.36,0.9619,0.9536
sesslen_120,session_sweep,medium,120.0,False,1240392340,0.4304,2028.0,0.2352,33,0,1.71,0.5333,0.1,0.6765,0.0,1.0,5.0,2.0,1.0,1.0,816.0,1212.0,45.33,43.29,0.9958,0.9748
very_fast_nometa,speed_sweep,very_fast,300.0,False,762910889,0.5443,2414.0,0.2259,24,0,1.32,0.7879,0.0,0.7083,0.0,1.375,1.0,1.0,1.833,0.0,0.0,2414.0,0.0,92.85,0.9823,0.9909
very_fast_meta,speed_sweep,very_fast,300.0,True,249755961,0.7848,1986.0,0.2172,48,0,1.22,0.7143,0.6897,1.0,1.0,1.0,1.2,1.0,1.714,1.333,640.0,1346.0,45.71,79.18,0.9853,0.9773
very_fast_nometa,speed_sweep,very_fast,300.0,False,941301948,0.7848,1950.0,0.2299,45,0,1.26,0.7333,0.7586,0.9,1.0,1.2,1.429,1.0,1.6,1.5,1288.0,662.0,75.76,38.94,0.9928,0.9896
slow_meta,speed_sweep,slow,300.0,True,1510565303,0.7722,2060.0,0.2276,45,1,1.5,0.3684,0.7143,1.0,0.0,1.0,0.0,1.0,2.0,2.0,1446.0,614.0,62.87,55.82,1.0,0.9758
slow_nometa,speed_sweep,slow,300.0,False,581069635,0.7468,1934.0,0.2248,30,0,1.5,0.6136,0.8,1.0,1.0,1.0,2.0,0.0,2.0,0.0,688.0,1246.0,22.93,65.58,0.9978,0.9504
sesslen_180,session_sweep,medium,180.0,False,777767087,0.7848,2294.0,0.2281,46,0,1.12,0.6667,0.7568,1.0,1.0,1.0,1.0,1.0,2.0,1.0,1694.0,600.0,89.16,42.86,0.9979,0.9848
medium_meta,speed_sweep,medium,300.0,True,697061945,0.8354,2644.0,0.2235,34,0,1.43,0.8378,0.6818,1.0,1.0,1.0,1.0,0.0,2.5,0.0,1986.0,658.0,60.18,54.83,0.9952,0.9534
slow_meta,speed_sweep,slow,300.0,True,1757295063,0.7722,1996.0,0.1951,48,0,1.67,0.7368,0.7174,1.0,1.0,0.0,1.0,0.0,0.0,3.0,1360.0,636.0,104.62,35.33,0.9994,0.994
sesslen_300,session_sweep,medium,300.0,False,534245937,0.7722,2108.0,0.2242,26,0,1.38,0.6765,0.6316,1.0,1.0,1.0,1.0,0.0,1.0,4.0,1442.0,666.0,40.06,39.18,1.0,0.9717
medium_nometa,speed_sweep,medium,300.0,False,1553064676,0.8608,2622.0,0.2233,36,0,1.38,0.7931,0.7727,1.0,1.0,1.0,1.667,0.0,0.0,1.5,1986.0,636.0,60.18,63.6,0.998,0.9799
medium_meta,speed_sweep,medium,300.0,True,324904054,0.7848,2146.0,0.1971,42,0,1.88,0.8571,0.6154,1.0,3.5,0.0,0.0,1.0,2.0,1.0,1476.0,670.0,73.8,39.41,0.9992,0.9936
fast_nometa,speed_sweep,fast,300.0,False,1608588291,0.5949,2238.0,0.2382,45,0,1.38,0.2143,0.5652,1.0,1.333,1.0,3.0,1.0,2.0,1.5,972.0,1266.0,51.16,84.4,0.9635,0.9385
medium_nometa,speed_sweep,medium,300.0,False,529333324,0.7848,1966.0,0.1966,38,0,1.29,0.6897,0.75,1.0,1.0,1.0,1.5,0.0,0.0,1.5,582.0,1384.0,24.25,81.41,1.0,0.9924
sesslen_180,session_sweep,medium,180.0,False,1450562653,0.4937,2728.0,0.2301,42,0,3.86,0.3462,0.4167,0.8824,4.0,0.0,5.5,2.0,5.0,1.0,2500.0,228.0,166.67,10.36,0.999,0.9554
medium_nometa,speed_sweep,medium,300.0,False,4069088,0.8228,2016.0,0.2151,37,0,1.25,0.7143,0.7273,0.925,0.0,1.333,0.0,1.0,1.333,1.0,1436.0,580.0,51.29,41.43,0.9951,0.9859
fast_meta,speed_sweep,fast,300.0,True,937459863,0.7722,2148.0,0.2147,36,1,1.14,0.8333,0.6129,1.0,1.0,0.0,1.333,1.0,1.0,1.0,2148.0,0.0,82.62,0.0,0.9978,0.9982
sesslen_300,session_sweep,medium,300.0,False,1609048860,0.7975,1896.0,0.1972,27,0,1.5,0.8158,0.6087,1.0,1.0,1.0,1.5,0.0,3.0,0.0,610.0,1286.0,15.25,107.17,0.9856,0.9892
slow_nometa,speed_sweep,slow,300.0,False,670621554,0.8861,1926.0,0.2439,31,0,1.0,0.9355,0.75,1.0,0.0,1.0,1.0,0.0,1.0,0.0,1534.0,392.0,39.33,43.56,0.9802,0.9881
very_fast_meta,speed_sweep,very_fast,300.0,True,1851118014,0.7215,2098.0,0.1963,42,0,1.17,0.6538,0.5185,1.0,1.167,1.0,1.143,1.0,1.667,1.333,1466.0,632.0,97.73,28.73,0.9961,0.9858
medium_nometa,speed_sweep,medium,300.0,False,100045173,0.8987,2138.0,0.2195,29,0,1.0,0.9722,0.7083,1.0,1.0,1.0,1.0,0.0,0.0,1.0,1496.0,642.0,35.62,80.25,0.9656,0.9813
very_fast_nometa,speed_sweep,very_fast,300.0,False,919342799,0.7975,1956.0,0.1965,39,0,1.08,0.8235,0.6522,0.9091,1.0,1.0,1.167,1.0,1.167,1.333,568.0,1388.0,23.67,86.75,0.999,0.9957
sesslen_60,session_sweep,medium,60.0,False,1664184916,0.2025,1770.0,0.1875,29,0,1.0,1.0,0.0303,0.1143,0.0,1.0,1.0,1.0,1.0,0.0,0.0,1770.0,0.0,46.58,0.895,0.9787
slow_meta,speed_sweep,slow,300.0,True,554467233,0.8354,1462.0,0.1884,56,0,1.75,1.0,0.7111,1.0,0.0,0.0,1.0,1.0,0.0,2.5,1462.0,0.0,146.2,0.0,1.0,0.9994
medium_nometa,speed_sweep,medium,300.0,False,413084481,0.7848,1902.0,0.1964,42,0,1.57,0.5882,0.7297,1.0,2.0,0.0,2.0,1.0,0.0,1.5,598.0,1304.0,29.9,76.71,0.9983,0.996
medium_meta,speed_sweep,medium,300.0,True,401812213,0.5063,2704.0,0.2236,28,3,1.67,0.6071,0.1739,0.6786,0.0,1.0,2.0,1.0,2.5,1.0,1986.0,718.0,82.75,26.59,1.0,0.9932
very_fast_nometa,speed_sweep,very_fast,300.0,False,1905221510,0.6962,2142.0,0.2236,53,0,1.26,0.3,0.697,1.0,1.143,1.0,1.667,1.0,2.0,1.333,1470.0,672.0,245.0,33.6,0.975,0.9726
fast_nometa,speed_sweep,fast,300.0,False,1600347476,0.8101,2074.0,0.2379,41,0,1.22,0.871,0.6765,1.0,1.0,1.0,1.333,1.0,2.0,1.0,778.0,1296.0,33.83,86.4,0.9977,0.9959
fast_meta,speed_sweep,fast,300.0,True,458539774,0.8608,1880.0,0.1961,46,0,1.11,0.6154,0.7778,1.0,0.0,1.0,1.0,1.0,1.0,1.333,552.0,1328.0,25.09,120.73,0.9993,0.9999
sesslen_60,session_sweep,medium,60.0,False,150764910,0.6203,3292.0,0.2365,30,0,1.57,0.9,0.25,0.8235,2.333,0.0,1.0,1.0,1.0,0.0,2616.0,676.0,84.39,37.56,0.963,0.936
fast_nometa,speed_sweep,fast,300.0,False,1848913762,0.7975,1943.0,0.2243,40,0,1.29,0.8,0.6897,0.95,1.0,1.0,1.333,1.25,1.0,2.5,1343.0,600.0,53.72,42.86,0.9997,0.9853
medium_meta,speed_sweep,medium,300.0,True,631135869,0.8987,2194.0,0.2385,39,0,1.29,1.0,0.7308,0.975,0.0,1.0,0.0,1.5,1.0,1.333,1654.0,540.0,50.12,77.14,0.9992,0.9971
sesslen_120,session_sweep,medium,120.0,False,338765799,0.5063,1944.0,0.2255,42,0,2.17,0.2683,0.5556,0.95,1.0,1.0,2.5,0.0,5.0,0.0,1552.0,392.0,91.29,19.6,0.9781,0.9469
very_fast_meta,speed_sweep,very_fast,300.0,True,496391967,0.8354,2234.0,0.1942,47,0,1.08,0.8,0.6522,1.0,1.0,1.0,1.0,1.0,1.2,1.4,1556.0,678.0,81.89,52.15,0.9967,0.9983
slow_meta,speed_sweep,slow,300.0,True,1968694406,0.7468,2175.0,0.1973,43,0,1.4,0.5714,0.7381,1.0,1.0,1.0,2.0,1.0,0.0,2.0,691.0,1484.0,40.65,78.11,0.9973,0.9951
very_fast_meta,speed_sweep,very_fast,300.0,True,1674769,0.4937,1518.0,0.1539,43,1,1.05,0.5217,0.0,1.0,0.0,1.0,1.0,1.0,1.333,0.0,1518.0,0.0,89.29,0.0,0.8536,0.8947
fast_nometa,speed_sweep,fast,300.0,False,1845160241,0.7848,2036.0,0.2143,30,0,1.46,0.7857,0.7273,0.8276,1.0,2.667,1.0,1.0,1.0,1.5,0.0,2036.0,0.0,119.76,0.998,0.9955
fast_meta,speed_sweep,fast,300.0,True,2138050032,0.6835,2420.0,0.222,27,0,1.23,0.5263,0.6,0.9615,1.0,1.0,1.0,1.0,2.0,1.0,1516.0,904.0,56.15,36.16,0.9825,0.9927
fast_meta,speed_sweep,fast,300.0,True,2024659964,0.8861,2202.0,0.2188,30,0,1.31,0.8929,0.7143,1.0,1.0,1.0,1.25,1.0,3.0,1.667,1548.0,654.0,38.7,72.67,0.9971,0.9877
slow_meta,speed_sweep,slow,300.0,True,400317526,0.519,2256.0,0.2159,18,4,3.5,0.6136,0.0,1.0,0.0,0.0,1.0,0.0,6.0,0.0,2256.0,0.0,86.77,0.0,1.0,0.9959
very_fast_nometa,speed_sweep,very_fast,300.0,False,2004897478,0.5316,1964.0,0.1972,23,0,1.24,0.7778,0.3611,0.5,1.167,1.0,1.333,1.0,1.5,1.333,0.0,1964.0,0.0,61.38,0.9037,0.8928
sesslen_120,session_sweep,medium,120.0,False,1984986306,0.4304,1736.0,0.2124,54,0,1.86,0.2609,0.6,0.7692,1.5,1.5,1.5,0.0,4.0,0.0,236.0,1500.0,47.2,75.0,0.9171,0.9101
medium_meta,speed_sweep,medium,300.0,True,1451827653,0.7595,2300.0,0.2152,42,1,1.43,0.5926,0.7143,1.0,1.0,1.0,1.5,1.0,0.0,2.0,1736.0,564.0,78.91,37.6,1.0,0.9662
fast_nometa,speed_sweep,fast,300.0,False,2134440572,0.6456,1556.0,0.1757,55,0,1.47,0.2381,0.7143,0.8667,1.333,1.5,2.5,1.25,1.5,1.333,772.0,784.0,59.38,71.27,0.9999,0.9919
very_fast_meta,speed_sweep,very_fast,300.0,True,563838101,0.3291,2120.0,0.1937,30,6,1.29,0.7391,0.0294,0.3636,0.0,1.5,1.0,1.5,1.333,0.0,2120.0,0.0,151.43,0.0,0.9956,1.0
medium_nometa,speed_sweep,medium,300.0,False,1225533345,0.8481,1936.0,0.2098,42,0,1.5,0.7917,0.7586,1.0,1.0,0.0,0.0,1.0,4.0,1.5,1336.0,600.0,53.44,50.0,1.0,0.9954
sesslen_180,session_sweep,medium,180.0,False,1944941266,0.7722,1788.0,0.2422,36,0,2.0,0.5882,0.75,0.9459,0.0,1.333,0.0,1.0,2.75,0.0,1396.0,392.0,51.7,24.5,0.9395,0.9832
slow_nometa,speed_sweep,slow,300.0,False,324614106,0.7215,2256.0,0.2159,29,0,3.33,0.3214,0.8,0.9565,0.0,3.0,0.0,0.0,6.0,1.0,2256.0,0.0,80.57,0.0,0.9961,0.9929
fast_nometa,speed_sweep,fast,300.0,False,1342292133,0.7848,1962.0,0.2363,41,0,1.71,0.5556,0.7917,1.0,1.0,1.0,1.5,1.0,3.667,1.5,1570.0,392.0,71.36,24.5,0.9988,0.9786
sesslen_120,session_sweep,medium,120.0,False,2020245099,0.6582,2178.0,0.255,21,0,3.33,0.875,0.0455,0.92,10.0,2.0,0.0,1.0,3.0,0.0,1986.0,192.0,53.68,9.14,0.9182,0.9578
fast_nometa,speed_sweep,fast,300.0,False,1646917935,0.8228,2122.0,0.2101,52,0,1.27,0.4615,0.7742,1.0,1.0,1.0,2.0,1.0,3.0,1.0,2122.0,0.0,132.62,0.0,0.9998,0.9708
very_fast_meta,speed_sweep,very_fast,300.0,True,497640948,0.7722,1992.0,0.2156,48,0,1.19,0.8077,0.6,0.9565,1.0,1.0,1.286,1.0,1.25,2.0,900.0,1092.0,64.29,64.24,0.9824,0.9899
very_fast_nometa,speed_sweep,very_fast,300.0,False,169476846,0.7975,2472.0,0.2117,50,0,1.11,0.8261,0.5862,1.0,1.0,1.0,1.0,1.0,1.429,1.167,1612.0,860.0,124.0,53.75,0.9989,0.9995
medium_nometa,speed_sweep,medium,300.0,False,1432573615,0.8608,2206.0,0.214,28,0,1.38,0.85,0.7727,1.0,1.0,1.0,1.5,1.0,3.0,1.0,2206.0,0.0,55.15,0.0,0.9999,0.9884
medium_nometa,speed_sweep,medium,300.0,False,1213533872,0.8228,1978.0,0.2204,43,0,1.38,0.7308,0.7667,1.0,1.0,0.0,0.0,1.0,2.0,0.0,936.0,1042.0,42.55,74.43,1.0,0.9847
sesslen_120,session_sweep,medium,120.0,False,423686582,0.6456,2168.0,0.251,43,0,1.57,0.3226,0.6818,1.0,0.0,1.0,0.0,1.0,2.0,2.5,738.0,1430.0,38.84,84.12,1.0,0.956
sesslen_120,session_sweep,medium,120.0,False,74257877,0.4684,2016.0,0.2292,21,0,1.86,0.8214,0.119,1.0,3.5,0.0,1.0,1.0,0.0,2.0,902.0,1114.0,37.58,32.76,0.9887,0.9541
sesslen_300,session_sweep,medium,300.0,False,852367400,0.8608,2040.0,0.2126,33,0,1.14,0.8065,0.7895,0.9655,1.0,1.0,2.0,0.0,1.0,1.0,1340.0,700.0,38.29,63.64,0.9989,0.993
sesslen_60,session_sweep,medium,60.0,False,1216354252,0.3544,2300.0,0.2121,20,0,1.2,0.9545,0.0,0.3043,0.0,2.0,1.0,1.0,1.0,0.0,700.0,1600.0,28.0,47.06,0.967,0.9848
fast_nometa,speed_sweep,fast,300.0,False,887227430,0.6456,2170.0,0.2275,30,0,1.25,0.75,0.0476,0.9412,0.0,1.0,1.0,1.0,2.0,1.0,1536.0,634.0,48.0,37.29,1.0,0.9985
slow_nometa,speed_sweep,slow,300.0,False,1969967463,0.443,1642.0,0.1964,18,0,1.0,0.75,0.0,1.0,0.0,0.0,1.0,0.0,0.0,0.0,1642.0,0.0,74.64,0.0,1.0,1.0
sesslen_300,session_sweep,medium,300.0,False,2015504691,0.8481,2274.0,0.2264,40,0,1.17,0.7778,0.76,1.0,1.0,0.0,1.0,1.0,1.0,2.0,1638.0,636.0,56.48,63.6,0.9997,0.9582
sesslen_300,session_sweep,medium,300.0,False,1908124361,0.7722,2134.0,0.2158,45,0,1.43,0.5714,0.75,1.0,1.0,1.0,0.0,1.0,2.0,0.0,1584.0,550.0,75.43,42.31,1.0,0.9587
slow_nometa,speed_sweep,slow,300.0,False,1239616429,0.8481,2372.0,0.2124,42,0,2.0,1.0,0.6923,1.0,5.0,0.0,1.0,1.0,0.0,1.0,1734.0,638.0,69.36,53.17,0.9996,0.9959
slow_meta,speed_sweep,slow,300.0,True,303340543,0.6962,2270.0,0.1935,42,0,1.0,0.5652,0.3333,1.0,0.0,1.0,0.0,1.0,1.0,0.0,970.0,1300.0,44.09,86.67,0.9867,0.9534
slow_meta,speed_sweep,slow,300.0,True,116178051,0.7975,2024.0,0.2315,35,0,1.25,0.7097,0.7586,1.0,1.0,1.0,0.0,1.0,2.0,0.0,1180.0,844.0,42.14,52.75,1.0,0.9838
fast_meta,speed_sweep,fast,300.0,True,1586201781,0.7848,1692.0,0.1968,30,0,1.56,0.8,0.5833,1.0,2.0,1.0,1.2,1.0,2.0,2.5,1172.0,520.0,36.62,30.59,0.9951,0.988
medium_meta,speed_sweep,medium,300.0,True,1800093099,0.8861,2190.0,0.2122,46,0,1.12,1.0,0.7429,1.0,0.0,1.0,0.0,1.0,1.0,1.333,1536.0,654.0,64.0,72.67,0.9998,0.9988
sesslen_180,session_sweep,medium,180.0,False,699971060,0.6076,2142.0,0.2414,48,0,2.67,0.1154,0.7368,0.9118,0.0,1.0,1.0,1.0,11.0,1.0,694.0,1448.0,46.27,90.5,0.9653,0.9764
medium_meta,speed_sweep,medium,300.0,True,1348943524,0.7468,2146.0,0.2107,47,0,1.0,0.8,0.7674,0.6923,1.0,0.0,1.0,1.0,0.0,1.0,1466.0,680.0,77.16,52.31,0.9998,0.9879
medium_nometa,speed_sweep,medium,300.0,False,638640388,0.7975,2016.0,0.211,35,0,1.38,0.75,0.6667,0.9333,1.0,2.0,1.0,1.0,1.0,2.0,1206.0,810.0,41.59,54.0,0.9894,0.9751
sesslen_120,session_sweep,medium,120.0,False,355729352,0.6203,1950.0,0.1999,7,0,1.5,0.9474,0.0,1.0,0.0,0.0,1.0,1.0,3.0,0.0,1760.0,190.0,41.9,6.33,0.9969,0.9994
sesslen_120,session_sweep,medium,120.0,False,1506419962,0.5316,2246.0,0.2137,22,0,1.67,0.9412,0.0769,0.6667,0.0,2.0,1.0,2.5,1.0,1.0,840.0,1406.0,32.31,45.35,0.9399,0.9477
fast_nometa,speed_sweep,fast,300.0,False,1035609296,0.6709,1938.0,0.1965,47,0,1.29,0.5152,0.6897,0.9412,1.4,1.0,1.25,1.333,1.0,1.5,0.0,1938.0,0.0,88.09,0.9932,0.9736
very_fast_nometa,speed_sweep,very_fast,300.0,False,2044615410,0.7848,2060.0,0.1941,41,0,1.11,0.6552,0.72,1.0,1.125,1.0,1.333,1.0,1.286,1.0,1492.0,568.0,67.82,35.5,0.9974,0.9949
slow_meta,speed_sweep,slow,300.0,True,1809086,0.8861,2102.0,0.2099,45,0,1.0,1.0,0.7273,1.0,1.0,0.0,1.0,1.0,0.0,1.0,2102.0,0.0,84.08,0.0,0.9994,0.9917
medium_meta,speed_sweep,medium,300.0,True,758518520,0.8608,2272.0,0.2264,51,0,1.29,0.7333,0.7586,1.0,1.0,0.0,2.0,1.0,2.0,1.0,1638.0,634.0,96.35,57.64,1.0,0.9994
sesslen_180,session_sweep,medium,180.0,False,1516900701,0.8228,2110.0,0.2318,39,0,1.57,0.8519,0.7419,0.9048,1.0,0.0,1.0,1.0,5.0,1.0,1468.0,642.0,52.43,53.5,0.9998,0.9805
slow_nometa,speed_sweep,slow,300.0,False,2117720693,0.9114,1812.0,0.218,34,0,1.0,0.9375,0.7692,1.0,0.0,1.0,0.0,1.0,0.0,1.0,1204.0,608.0,31.68,86.86,0.9539,0.9858
sesslen_120,session_sweep,medium,120.0,False,632413481,0.6329,2388.0,0.2372,53,0,1.5,0.25,0.7419,0.7857,1.0,0.0,4.0,1.0,1.0,1.0,1604.0,784.0,114.57,65.33,0.999,0.9951
sesslen_180,session_sweep,medium,180.0,False,1050894452,0.7848,1966.0,0.2209,21,0,1.38,0.8571,0.2143,0.9667,2.0,1.0,1.0,2.0,1.333,0.0,440.0,1526.0,9.36,138.73,0.9355,0.9789
slow_nometa,speed_sweep,slow,300.0,False,490975499,0.6962,1308.0,0.1866,15,0,1.0,0.9167,0.0,1.0,0.0,1.0,1.0,0.0,0.0,0.0,630.0,678.0,13.4,39.88,0.9524,0.9999
slow_meta,speed_sweep,slow,300.0,True,909212569,0.557,2256.0,0.2159,33,3,3.33,0.5714,0.0,0.5405,0.0,2.0,0.0,0.0,4.0,0.0,2256.0,0.0,77.79,0.0,0.9998,0.9907
sesslen_60,session_sweep,medium,60.0,False,1441323803,0.6076,2388.0,0.2443,30,0,2.14,0.4722,0.0,0.8611,0.0,1.0,0.0,1.0,3.667,0.0,1896.0,492.0,61.16,27.33,0.9759,0.9673
medium_meta,speed_sweep,medium,300.0,True,715540743,0.6709,2171.0,0.1973,34,1,1.29,0.84,0.4167,0.9444,1.0,1.0,1.5,1.0,0.0,1.5,691.0,1480.0,23.83,92.5,0.9351,0.9468
sesslen_60,session_sweep,medium,60.0,False,1759278448,0.5696,2148.0,0.2392,45,0,2.14,0.2857,0.0,0.7955,0.0,2.25,0.0,0.0,2.0,0.0,1924.0,224.0,76.96,24.89,0.9764,0.9528
fast_meta,speed_sweep,fast,300.0,True,1367323816,0.7215,1942.0,0.2147,42,0,1.47,0.6154,0.4,1.0,2.0,1.0,1.5,1.0,1.667,2.0,1342.0,600.0,63.9,37.5,0.9918,0.9804
sesslen_120,session_sweep,medium,120.0,False,760215367,0.5316,1852.0,0.2277,47,0,2.57,0.1951,0.7143,0.9355,1.0,1.0,0.0,1.0,4.667,0.0,652.0,1200.0,40.75,75.0,0.9993,0.9452
medium_meta,speed_sweep,medium,300.0,True,1276014390,0.6709,1464.0,0.1929,12,0,1.33,1.0,0.0,0.7241,0.0,1.0,1.0,2.0,1.0,0.0,830.0,634.0,18.86,27.57,0.9982,0.9912
slow_nometa,speed_sweep,slow,300.0,False,367358540,0.7468,2236.0,0.2111,48,0,1.75,0.625,0.4848,1.0,0.0,1.0,2.0,0.0,0.0,2.0,2236.0,0.0,106.48,0.0,1.0,0.9935
fast_nometa,speed_sweep,fast,300.0,False,1214281075,0.7468,2180.0,0.2192,42,0,1.25,0.8462,0.5,0.8,1.0,1.0,2.0,1.25,1.25,1.0,1458.0,722.0,56.08,65.64,0.9989,0.9648
very_fast_nometa,speed_sweep,very_fast,300.0,False,408196655,0.7848,2064.0,0.2223,42,0,1.17,0.6087,0.7037,1.0,1.0,1.0,1.0,1.0,1.667,1.5,724.0,1340.0,36.2,78.82,0.9975,0.9997
sesslen_60,session_sweep,medium,60.0,False,736227971,0.3544,1411.0,0.1591,43,0,2.71,0.3704,0.7273,0.0667,2.0,2.0,2.0,9.0,2.0,1.0,0.0,1411.0,0.0,52.26,0.9721,0.9691
slow_nometa,speed_sweep,slow,300.0,False,745519606,0.7089,1950.0,0.2164,39,0,1.0,0.7073,0.7105,0.0,1.0,0.0,1.0,0.0,0.0,0.0,770.0,1180.0,45.29,51.3,0.9998,0.9581
slow_meta,speed_sweep,slow,300.0,True,1942581873,0.9367,2168.0,0.2419,12,0,1.0,0.8958,0.0,1.0,0.0,1.0,0.0,0.0,1.0,0.0,1512.0,656.0,24.39,131.2,0.9937,0.9817
sesslen_180,session_sweep,medium,180.0,False,1934450650,0.6709,2590.0,0.2228,45,0,2.0,0.6667,0.6944,0.6316,1.0,2.0,2.667,0.0,1.0,3.0,1440.0,1150.0,84.71,67.65,0.9423,0.9558
slow_nometa,speed_sweep,slow,300.0,False,485628322,0.8354,1974.0,0.1952,25,0,1.0,0.925,0.7368,0.75,1.0,1.0,1.0,0.0,1.0,0.0,596.0,1378.0,13.86,125.27,0.9995,0.9968
sesslen_180,session_sweep,medium,180.0,False,192604554,0.8101,2190.0,0.2424,36,0,1.71,0.8077,0.5833,1.0,0.0,1.0,1.0,0.0,1.0,3.5,2190.0,0.0,73.0,0.0,0.9937,0.9548
sesslen_120,session_sweep,medium,120.0,False,855254250,0.6582,2282.0,0.2126,51,0,2.38,0.2581,0.7895,1.0,0.0,1.0,4.0,1.0,5.0,1.0,1508.0,774.0,125.67,48.38,0.9219,0.9461
slow_meta,speed_sweep,slow,300.0,True,357039494,0.6835,2126.0,0.2135,36,0,1.67,0.7826,0.5652,0.697,0.0,1.0,0.0,2.0,0.0,2.0,1546.0,580.0,48.31,52.73,0.9498,0.9618
fast_nometa,speed_sweep,fast,300.0,False,148369695,0.5823,1444.0,0.1969,20,0,1.0,0.9474,0.0,1.0,0.0,1.0,1.0,1.0,1.0,0.0,1444.0,0.0,43.76,0.0,0.9997,1.0
sesslen_300,session_sweep,medium,300.0,False,1603975777,0.7722,2184.0,0.2431,41,0,1.25,0.6571,0.7273,1.0,1.0,1.0,2.0,1.0,2.0,1.0,1604.0,580.0,69.74,38.67,1.0,0.9602
sesslen_300,session_sweep,medium,300.0,False,12684650,0.7342,1792.0,0.2075,49,0,1.2,0.0,0.7647,1.0,0.0,1.0,0.0,1.0,0.0,1.5,1792.0,0.0,85.33,0.0,0.9738,0.987
sesslen_120,session_sweep,medium,120.0,False,1792325327,0.8228,1730.0,0.2388,48,0,1.12,0.6364,0.7333,0.9474,0.0,1.0,0.0,1.333,1.0,1.0,1338.0,392.0,70.42,32.67,0.9848,0.9874
sesslen_180,session_sweep,medium,180.0,False,148329514,0.7595,2020.0,0.2357,40,0,1.62,0.4516,0.8,1.0,1.0,1.0,2.0,0.0,2.333,0.0,1380.0,640.0,49.29,58.18,0.9255,0.9532
slow_nometa,speed_sweep,slow,300.0,False,259863659,0.7848,1556.0,0.1757,51,0,1.25,0.375,0.7576,0.8947,0.0,1.0,2.0,0.0,0.0,1.0,1556.0,0.0,91.53,0.0,0.9968,0.9551
very_fast_meta,speed_sweep,very_fast,300.0,True,1594359333,0.8228,1950.0,0.2299,45,0,1.14,0.875,0.7143,0.9286,1.0,1.5,1.0,1.0,1.0,1.5,1288.0,662.0,64.4,47.29,0.9972,0.9989
sesslen_60,session_sweep,medium,60.0,False,134461742,0.6709,1172.0,0.1595,24,0,1.86,0.9032,0.0,0.8065,0.0,2.333,1.0,1.0,2.0,0.0,0.0,1172.0,0.0,58.6,0.9732,0.9674
medium_meta,speed_sweep,medium,300.0,True,1647330466,0.8101,2108.0,0.2242,33,0,1.88,0.6667,0.6471,1.0,0.0,1.0,0.0,1.0,3.0,2.5,2108.0,0.0,68.0,0.0,1.0,0.9855
fast_meta,speed_sweep,fast,300.0,True,492039167,0.7595,2130.0,0.2102,47,0,1.33,0.6522,0.6875,0.9583,0.0,1.0,1.25,0.0,0.0,1.75,1522.0,608.0,84.56,43.43,0.9916,0.9348
sesslen_300,session_sweep,medium,300.0,False,884308008,0.7595,2168.0,0.2117,42,0,1.5,0.5938,0.7368,0.9643,1.0,1.0,2.0,1.0,1.5,3.0,1230.0,938.0,55.91,62.53,0.9996,0.9925
sesslen_60,session_sweep,medium,60.0,False,1219032211,0.7722,2306.0,0.2254,38,0,1.43,0.6818,0.7097,0.9231,1.5,1.0,1.5,1.0,0.0,2.0,1650.0,656.0,53.23,65.6,0.9325,0.9132
medium_nometa,speed_sweep,medium,300.0,False,929767519,0.7595,1974.0,0.2172,42,0,1.14,0.7576,0.725,1.0,1.333,0.0,1.0,1.0,0.0,0.0,768.0,1206.0,42.67,63.47,0.9995,0.9845
fast_meta,speed_sweep,fast,300.0,True,1077886856,0.7468,2024.0,0.1955,50,0,1.12,1.0,0.7179,0.6087,1.0,1.0,1.0,1.5,1.0,1.0,1384.0,640.0,76.89,58.18,0.9998,0.9972
medium_meta,speed_sweep,medium,300.0,True,691939257,0.7468,2092.0,0.217,48,0,1.5,0.5909,0.7179,1.0,1.0,1.0,2.5,1.0,1.0,2.0,1420.0,672.0,94.67,42.0,0.9444,0.9727
fast_nometa,speed_sweep,fast,300.0,False,286384955,0.8861,2172.0,0.1885,30,0,1.07,0.9512,0.6471,0.9524,1.0,1.0,1.0,2.0,1.0,1.0,1600.0,572.0,37.21,95.33,0.9956,0.9809
slow_meta,speed_sweep,slow,300.0,True,1930219434,0.6962,2146.0,0.2214,18,1,2.33,0.7925,0.25,0.9,0.0,2.0,2.0,0.0,3.0,0.0,1198.0,948.0,27.23,55.76,0.9491,0.9815
sesslen_60,session_sweep,medium,60.0,False,1499089806,0.6582,1521.0,0.2421,49,0,1.78,0.3182,0.6897,0.8929,1.0,2.5,1.5,1.0,4.0,1.0,903.0,618.0,56.44,44.14,0.9836,0.9464
sesslen_180,session_sweep,medium,180.0,False,1624843283,0.7975,2008.0,0.1965,42,0,1.0,0.6875,0.7,1.0,0.0,1.0,1.0,1.0,1.0,1.0,1378.0,630.0,55.12,52.5,0.997,0.9904
very_fast_nometa,speed_sweep,very_fast,300.0,False,962288296,0.6835,2170.0,0.1973,45,0,1.38,0.625,0.7619,0.7222,1.111,1.286,1.75,1.0,1.6,1.0,754.0,1416.0,50.27,74.53,0.9932,0.9343
slow_meta,speed_sweep,slow,300.0,True,2052688084,0.8354,1958.0,0.1938,48,0,1.75,0.7273,0.7059,1.0,0.0,1.0,1.0,0.0,0.0,2.5,1298.0,660.0,68.32,55.0,0.9969,0.9793
slow_meta,speed_sweep,slow,300.0,True,1322343643,0.7975,2088.0,0.2484,45,0,2.0,0.7143,0.6757,1.0,5.0,0.0,0.0,1.0,0.0,1.0,732.0,1356.0,40.67,84.75,1.0,0.9983
slow_meta,speed_sweep,slow,300.0,True,1045774704,0.6203,1992.0,0.2204,21,3,1.0,0.8,0.3824,0.0,1.0,0.0,1.0,0.0,0.0,0.0,660.0,1332.0,18.86,57.91,0.8952,0.9849
fast_meta,speed_sweep,fast,300.0,True,867840690,0.8354,2470.0,0.227,42,0,1.44,0.7,0.7308,1.0,1.0,1.0,2.0,1.0,2.667,1.4,1636.0,834.0,68.17,64.15,0.9997,0.9889
sesslen_120,session_sweep,medium,120.0,False,1856303788,0.5949,2036.0,0.2144,42,0,1.12,0.6842,0.3158,1.0,1.5,0.0,1.0,1.0,1.0,1.0,784.0,1252.0,39.2,73.65,0.8792,0.918
slow_meta,speed_sweep,slow,300.0,True,2030323540,0.8987,2188.0,0.2454,17,0,1.5,0.8571,0.0,0.9667,0.0,1.5,0.0,0.0,1.5,0.0,1608.0,580.0,29.78,72.5,0.9899,0.9715
sesslen_60,session_sweep,medium,60.0,False,1325817982,0.443,1216.0,0.1601,32,0,1.67,0.9286,0.0,0.2812,0.0,2.0,0.0,2.0,1.0,0.0,0.0,1216.0,0.0,64.0,0.9992,0.9878
fast_nometa,speed_sweep,fast,300.0,False,1393945278,0.8861,2048.0,0.1916,51,0,1.27,0.9,0.8529,0.9143,1.0,1.0,1.5,1.0,1.0,1.6,1468.0,580.0,77.26,64.44,0.9977,0.9825
fast_meta,speed_sweep,fast,300.0,True,1876300668,0.6582,2156.0,0.219,24,1,1.54,0.931,0.2692,0.75,3.5,1.0,1.0,1.0,1.0,3.0,1536.0,620.0,41.51,34.44,0.9988,0.9939
fast_meta,speed_sweep,fast,300.0,True,83795283,0.7089,2146.0,0.1963,33,0,1.93,0.625,0.4286,1.0,1.0,1.0,1.0,1.0,3.5,2.5,1396.0,750.0,60.7,32.61,0.9908,0.9944
medium_nometa,speed_sweep,medium,300.0,False,29952294,0.7089,1934.0,0.1967,51,0,1.0,0.4483,0.72,1.0,1.0,1.0,1.0,1.0,1.0,1.0,0.0,1934.0,0.0,113.76,0.9822,0.9585
sesslen_300,session_sweep,medium,300.0,False,680986792,0.8987,1988.0,0.1958,48,0,1.0,1.0,0.7419,1.0,1.0,0.0,0.0,1.0,1.0,1.0,1316.0,672.0,57.22,84.0,0.9998,0.9975
slow_meta,speed_sweep,slow,300.0,True,413998604,0.8228,2482.0,0.2455,26,0,1.5,0.5625,0.0,1.0,0.0,1.0,0.0,0.0,2.0,0.0,1680.0,802.0,40.0,72.91,1.0,0.9624
fast_nometa,speed_sweep,fast,300.0,False,926920349,0.6203,2292.0,0.234,52,0,1.62,0.1852,0.75,0.9583,1.333,1.5,1.5,1.0,4.0,1.667,1492.0,800.0,124.33,53.33,0.9293,0.947
sesslen_60,session_sweep,medium,60.0,False,1583174970,0.557,1968.0,0.2164,46,0,2.25,0.4324,0.3913,1.0,1.5,1.0,3.667,0.0,2.0,0.0,208.0,1760.0,16.0,88.0,0.9771,0.9424
very_fast_meta,speed_sweep,very_fast,300.0,True,379060287,0.7215,2152.0,0.2325,41,0,1.1,0.6071,0.6,0.9615,1.25,1.0,1.0,1.0,1.4,1.0,1332.0,820.0,74.0,41.0,0.9719,0.9566
sesslen_300,session_sweep,medium,300.0,False,940000030,0.7468,2018.0,0.1971,52,0,1.29,0.3333,0.7037,1.0,0.0,1.0,1.0,1.0,2.0,1.5,1348.0,670.0,96.29,51.54,0.9967,0.9784
slow_meta,speed_sweep,slow,300.0,True,1429378387,0.8354,2326.0,0.2183,35,0,1.0,0.8378,0.7083,1.0,1.0,0.0,1.0,1.0,1.0,0.0,1696.0,630.0,53.0,52.5,1.0,0.9701
sesslen_120,session_sweep,medium,120.0,False,548984894,0.6203,2180.0,0.2295,48,0,3.14,0.2647,0.75,1.0,2.0,1.0,1.0,1.0,8.0,1.0,1624.0,556.0,108.27,34.75,0.9726,0.937
slow_nometa,speed_sweep,slow,300.0,False,757610280,0.7975,2187.0,0.1972,38,0,1.0,0.6333,0.7647,0.9688,1.0,1.0,0.0,1.0,1.0,0.0,691.0,1496.0,24.68,115.08,0.9544,0.9775
slow_nometa,speed_sweep,slow,300.0,False,1007029607,0.6709,2622.0,0.2233,34,0,3.33,0.3333,0.7857,0.9167,0.0,1.0,6.0,0.0,0.0,3.0,1986.0,636.0,94.57,26.5,1.0,0.99
sesslen_120,session_sweep,medium,120.0,False,1530693879,0.5316,1936.0,0.2157,49,0,1.88,0.4333,0.4118,1.0,2.5,1.0,1.667,1.0,0.0,3.0,0.0,1936.0,0.0,88.0,0.9846,0.9562
slow_nometa,speed_sweep,slow,300.0,False,843580931,0.5949,1648.0,0.2114,16,0,1.0,0.7391,0.0,0.9091,0.0,1.0,0.0,1.0,0.0,0.0,672.0,976.0,16.8,42.43,0.9992,0.9955
medium_meta,speed_sweep,medium,300.0,True,1760602300,0.8481,1400.0,0.1898,27,0,1.0,0.8788,0.0,1.0,0.0,1.0,1.0,0.0,1.0,0.0,1400.0,0.0,31.11,0.0,0.9987,0.996
slow_nometa,speed_sweep,slow,300.0,False,718391984,0.8481,2022.0,0.2173,33,0,1.33,0.7917,0.7308,1.0,0.0,1.0,1.0,0.0,0.0,2.0,824.0,1198.0,24.24,99.83,1.0,0.9881
sesslen_60,session_sweep,medium,60.0,False,786505713,0.5063,1988.0,0.227,30,0,2.0,1.0,0.0571,0.8421,5.0,0.0,0.0,1.333,1.0,0.0,1364.0,624.0,62.0,23.11,0.9968,0.9563
slow_meta,speed_sweep,slow,300.0,True,422337120,0.6582,2114.0,0.1948,44,0,1.0,0.6957,0.6429,0.0,1.0,0.0,1.0,0.0,0.0,0.0,858.0,1256.0,61.29,59.81,1.0,0.9655
sesslen_300,session_sweep,medium,300.0,False,1535859110,0.7595,2256.0,0.2272,30,0,1.12,0.8276,0.6857,0.8,1.5,1.0,1.0,1.0,0.0,1.0,2256.0,0.0,60.97,0.0,0.9753,0.9375
medium_nometa,speed_sweep,medium,300.0,False,886549264,0.8228,1966.0,0.2268,42,0,1.29,0.6923,0.7273,1.0,1.0,1.0,0.0,1.0,2.0,1.0,1366.0,600.0,52.54,54.55,0.9634,0.9821
fast_meta,speed_sweep,fast,300.0,True,1233811358,0.7089,2136.0,0.2438,54,0,1.25,0.375,0.7333,1.0,1.0,1.0,3.0,1.0,1.5,1.25,604.0,1532.0,75.5,90.12,0.9923,0.97
very_fast_nometa,speed_sweep,very_fast,300.0,False,1391469800,0.7595,2061.0,0.2161,46,0,1.32,0.6667,0.625,1.0,1.429,1.0,1.2,1.0,1.75,1.714,1255.0,806.0,78.44,47.41,0.9864,0.9971
sesslen_180,session_sweep,medium,180.0,False,1460502141,0.8481,1940.0,0.2391,42,0,1.71,0.75,0.963,0.8125,1.0,1.0,0.0,2.0,3.0,1.5,1218.0,722.0,46.85,65.64,0.9998,0.9783
slow_meta,speed_sweep,slow,300.0,True,1416323149,0.8101,2346.0,0.2192,36,0,3.5,0.76,0.5789,0.9714,6.0,0.0,0.0,1.0,3.5,0.0,1614.0,732.0,57.64,48.8,0.9721,0.9972
medium_meta,speed_sweep,medium,300.0,True,776283869,0.8734,2114.0,0.2402,40,0,1.29,0.9565,0.7273,1.0,0.0,1.0,1.0,1.0,0.0,1.667,1534.0,580.0,52.9,58.0,0.9896,0.9928
fast_nometa,speed_sweep,fast,300.0,False,1789727436,0.8861,2138.0,0.227,37,0,1.24,0.8571,0.7619,1.0,1.0,1.0,1.5,0.0,1.5,1.0,1508.0,630.0,45.7,70.0,0.9991,0.9992
fast_meta,speed_sweep,fast,300.0,True,1812123863,0.8101,1890.0,0.2146,31,0,1.2,0.7188,0.7391,1.0,1.333,1.0,1.5,1.0,1.0,1.5,1274.0,616.0,37.47,44.0,0.9941,0.9883
fast_meta,speed_sweep,fast,300.0,True,507265040,0.8228,2424.0,0.2185,34,0,1.2,0.7222,0.7333,1.0,1.0,1.0,1.0,1.0,1.75,0.0,1450.0,974.0,46.77,69.57,0.9936,0.995
sesslen_120,session_sweep,medium,120.0,False,1832648243,0.8734,2148.0,0.2212,24,0,1.88,0.8649,0.6,0.9688,3.0,1.0,2.0,1.0,3.0,1.0,930.0,1218.0,20.22,135.33,0.9752,0.9811
fast_meta,speed_sweep,fast,300.0,True,1872262820,0.7975,2164.0,0.2047,39,0,1.21,1.0,0.7317,0.5455,1.0,2.5,1.0,0.0,1.0,0.0,1772.0,392.0,73.83,24.5,0.997,0.996
fast_meta,speed_sweep,fast,300.0,True,878648,0.8861,2600.0,0.2224,45,0,1.06,0.9,0.76,0.9706,1.0,1.0,1.0,1.0,1.25,1.0,1930.0,670.0,77.2,74.44,0.9834,0.9968
sesslen_120,session_sweep,medium,120.0,False,1682964505,0.2405,1942.0,0.2142,40,0,3.17,0.0833,0.6667,0.0882,0.0,4.0,4.0,0.0,5.0,1.0,182.0,1760.0,36.4,51.76,0.9875,0.9834
sesslen_300,session_sweep,medium,300.0,False,626352465,0.9241,2402.0,0.2451,30,0,1.12,0.9412,0.7143,1.0,0.0,1.0,1.0,1.0,1.0,2.0,1732.0,670.0,40.28,111.67,0.997,0.9843
very_fast_meta,speed_sweep,very_fast,300.0,True,1769122004,0.7342,2574.0,0.1964,50,0,1.14,0.6538,0.5385,1.0,1.333,1.0,1.167,1.0,1.2,1.167,2574.0,0.0,198.0,0.0,0.9789,0.9958
fast_nometa,speed_sweep,fast,300.0,False,965332519,0.8481,2160.0,0.2246,35,0,1.54,0.8276,0.6316,1.0,2.5,1.0,1.0,1.0,1.75,2.0,1142.0,1018.0,35.69,84.83,0.9981,0.9944
fast_nometa,speed_sweep,fast,300.0,False,1819561049,0.8354,1964.0,0.2138,35,0,1.4,0.7353,0.6667,1.0,1.0,1.0,1.0,1.0,2.0,0.0,1314.0,650.0,42.39,50.0,0.997,0.9931
sesslen_60,session_sweep,medium,60.0,False,2140334013,0.4177,2044.0,0.2363,43,0,1.14,0.2941,0.5909,0.4348,1.0,2.0,1.0,0.0,1.0,0.0,1706.0,338.0,121.86,15.36,0.9698,0.9379
sesslen_180,session_sweep,medium,180.0,False,644523759,0.7595,1846.0,0.2206,42,0,2.12,0.5263,0.7333,0.9333,1.0,1.0,1.0,1.0,8.0,3.0,1174.0,672.0,65.22,35.37,0.9526,0.9768
sesslen_300,session_sweep,medium,300.0,False,1984646240,0.7848,2134.0,0.2099,42,0,1.43,0.6129,0.75,0.9444,0.0,1.0,2.0,0.0,1.5,2.0,1616.0,518.0,70.26,37.0,1.0,0.9656
slow_nometa,speed_sweep,slow,300.0,False,628777684,0.8228,2384.0,0.2244,36,0,2.33,0.8485,0.7333,0.9375,1.0,0.0,1.0,0.0,5.0,0.0,2384.0,0.0,79.47,0.0,1.0,0.9844
slow_meta,speed_sweep,slow,300.0,True,1715778711,0.7848,2622.0,0.2233,44,0,1.5,0.5789,0.7097,1.0,0.0,1.0,1.0,0.0,0.0,2.0,1986.0,636.0,110.33,37.41,0.9995,0.9864
sesslen_300,session_sweep,medium,300.0,False,1785220798,0.5696,2260.0,0.2377,46,0,2.33,0.1667,0.5682,1.0,2.0,0.0,6.0,1.0,0.0,1.5,1654.0,606.0,110.27,33.67,0.9668,0.9408
medium_meta,speed_sweep,medium,300.0,True,1954091731,0.8608,1884.0,0.2162,49,0,1.0,0.7143,0.7,1.0,0.0,1.0,1.0,1.0,1.0,1.0,704.0,1180.0,37.05,107.27,0.9788,0.9906
slow_nometa,speed_sweep,slow,300.0,False,1060195491,0.8481,1974.0,0.1952,34,0,1.0,0.75,0.7143,1.0,0.0,1.0,1.0,0.0,0.0,1.0,596.0,1378.0,18.06,114.83,0.9993,0.9887
sesslen_120,session_sweep,medium,120.0,False,989755342,0.8228,2352.0,0.2481,42,0,1.14,0.7407,0.6111,1.0,1.0,1.0,0.0,1.0,1.333,0.0,2114.0,238.0,88.08,18.31,0.9853,0.9559
sesslen_300,session_sweep,medium,300.0,False,116396847,0.8481,1958.0,0.239,37,0,1.12,0.8966,0.7568,1.0,1.0,0.0,1.333,1.0,0.0,1.0,1394.0,564.0,46.47,47.0,0.9999,0.9931
slow_nometa,speed_sweep,slow,300.0,False,1435850117,0.8228,1944.0,0.2136,21,0,1.67,0.7447,0.0,0.9375,0.0,2.0,0.0,0.0,1.0,0.0,1204.0,740.0,25.08,74.0,0.9599,0.943
very_fast_meta,speed_sweep,very_fast,300.0,True,523276532,0.3797,1884.0,0.2173,32,5,1.53,0.7586,0.0,0.3333,0.0,1.6,1.143,2.667,1.25,0.0,1152.0,732.0,57.6,27.11,0.9912,0.9996
sesslen_180,session_sweep,medium,180.0,False,1476859889,0.8354,1930.0,0.2177,33,0,1.25,0.7568,0.7778,1.0,1.0,1.0,2.0,0.0,1.5,1.0,1282.0,648.0,38.85,49.85,0.9977,0.9872
medium_nometa,speed_sweep,medium,300.0,False,2139154643,0.443,1278.0,0.1854,30,0,1.5,0.7143,0.0,0.7812,0.0,0.0,0.0,1.0,3.0,0.0,0.0,1278.0,0.0,41.23,0.975,0.9969
sesslen_120,session_sweep,medium,120.0,False,559356708,0.8608,1730.0,0.2388,42,0,1.12,0.7826,0.7273,1.0,1.0,1.0,1.0,1.0,1.0,2.0,1338.0,392.0,49.56,39.2,0.9816,0.9961
fast_nometa,speed_sweep,fast,300.0,False,426642454,0.8354,2166.0,0.2271,39,0,1.38,0.96,0.6333,0.9583,1.0,1.0,1.5,1.0,1.0,2.667,1964.0,202.0,72.74,15.54,0.9995,0.9971
fast_nometa,speed_sweep,fast,300.0,False,1335629702,0.5316,1414.0,0.187,18,0,1.1,0.9583,0.0,1.0,0.0,1.0,1.0,1.0,1.5,0.0,880.0,534.0,29.33,17.23,1.0,1.0
sesslen_300,session_sweep,medium,300.0,False,458812249,0.8987,1922.0,0.1948,27,0,1.25,0.8649,0.75,1.0,1.0,1.0,1.0,0.0,1.5,2.0,1350.0,572.0,30.68,71.5,0.9994,0.9947
slow_meta,speed_sweep,slow,300.0,True,1766528154,0.3418,2308.0,0.24,27,5,1.67,0.6364,0.069,0.2353,1.0,0.0,0.0,2.0,2.0,0.0,732.0,1576.0,38.53,47.76,0.9999,0.9921
medium_nometa,speed_sweep,medium,300.0,False,436961116,0.8481,2202.0,0.2091,32,0,1.5,0.8529,0.7083,1.0,2.0,1.0,1.0,1.0,2.0,2.0,1810.0,392.0,50.28,35.64,0.9981,0.9614
medium_meta,speed_sweep,medium,300.0,True,71487196,0.8987,1864.0,0.2169,29,0,1.38,0.9615,0.6667,1.0,2.0,1.0,0.0,1.0,1.5,1.0,854.0,1010.0,20.33,126.25,0.9598,0.9928
fast_nometa,speed_sweep,fast,300.0,False,183118582,0.8101,2258.0,0.2482,45,0,1.31,0.7143,0.6333,1.0,1.0,1.0,1.0,1.0,2.333,1.25,1120.0,1138.0,50.91,94.83,0.9732,0.978
very_fast_meta,speed_sweep,very_fast,300.0,True,979716904,0.6835,1911.0,0.1973,45,0,1.12,0.4643,0.6,1.0,1.167,1.0,1.0,1.0,1.25,1.4,613.0,1298.0,51.08,59.0,0.9871,0.9859
very_fast_meta,speed_sweep,very_fast,300.0,True,877132946,0.6582,2044.0,0.2141,48,0,1.39,0.5333,0.6061,1.0,1.25,1.0,1.667,1.0,1.0,2.0,952.0,1092.0,79.33,57.47,0.9687,0.9412
fast_nometa,speed_sweep,fast,300.0,False,680685158,0.4304,2214.0,0.1963,50,0,1.85,0.1,0.6087,1.0,1.6,1.0,3.667,1.0,1.0,0.0,1544.0,670.0,154.4,35.26,0.9367,0.9412
sesslen_60,session_sweep,medium,60.0,False,985083938,0.6203,2126.0,0.2332,51,0,2.25,0.2381,0.64,0.8485,1.0,1.0,8.0,1.5,3.0,1.0,1152.0,974.0,96.0,60.88,0.9393,0.8984
slow_meta,speed_sweep,slow,300.0,True,854157208,0.7089,1840.0,0.2109,43,2,2.5,0.4706,0.6486,0.96,6.0,0.0,1.0,1.0,0.0,2.0,1040.0,800.0,74.29,36.36,1.0,0.9979
slow_nometa,speed_sweep,slow,300.0,False,304401938,0.8734,2024.0,0.2315,27,0,1.5,0.7368,0.0,1.0,0.0,1.0,0.0,0.0,2.0,0.0,1180.0,844.0,27.44,93.78,1.0,0.9758
fast_nometa,speed_sweep,fast,300.0,False,284993906,0.8354,1914.0,0.1965,40,0,1.29,0.7407,0.7273,1.0,1.0,1.0,2.0,1.0,2.0,1.0,582.0,1332.0,22.38,102.46,0.9993,0.9976
very_fast_meta,speed_sweep,very_fast,300.0,True,1502743740,0.7595,2276.0,0.2255,47,0,1.08,0.55,0.6,1.0,1.0,1.0,1.25,1.0,1.5,1.0,1606.0,670.0,123.54,35.26,0.9959,0.9993
fast_nometa,speed_sweep,fast,300.0,False,1480196080,0.5949,2144.0,0.1963,48,0,1.71,0.4,0.6,0.7436,1.0,1.4,1.0,1.0,2.2,3.0,750.0,1394.0,53.57,82.0,0.9735,0.964
very_fast_meta,speed_sweep,very_fast,300.0,True,1846274686,0.6962,2514.0,0.1956,44,0,1.16,0.84,0.2857,1.0,1.0,1.0,1.0,1.0,1.5,3.0,1836.0,678.0,91.8,45.2,0.9853,0.9559
sesslen_60,session_sweep,medium,60.0,False,1912239920,0.5063,2934.0,0.2509,54,0,1.29,0.2,0.7037,0.6818,1.0,0.0,2.0,1.0,1.0,1.0,2934.0,0.0,326.0,0.0,0.9909,0.9789
slow_nometa,speed_sweep,slow,300.0,False,143685005,0.7468,2224.0,0.2173,44,0,1.0,0.5556,0.7407,0.96,0.0,1.0,1.0,0.0,0.0,1.0,864.0,1360.0,45.47,85.0,1.0,0.9671
sesslen_120,session_sweep,medium,120.0,False,1957744446,0.9114,1702.0,0.2414,33,0,1.0,0.931,0.7222,1.0,0.0,1.0,1.0,1.0,1.0,1.0,1310.0,392.0,33.59,56.0,0.9984,0.9895
slow_meta,speed_sweep,slow,300.0,True,1187193122,0.7975,2268.0,0.2279,27,0,1.75,0.8049,0.625,0.9091,4.0,1.0,1.0,0.0,1.0,0.0,1598.0,670.0,40.97,51.54,1.0,0.9644
medium_meta,speed_sweep,medium,300.0,True,1479566093,0.9241,2126.0,0.2102,43,0,1.33,0.9375,0.9167,0.9259,1.0,0.0,1.5,1.0,0.0,1.667,1342.0,784.0,44.73,130.67,0.9995,0.9945
sesslen_180,session_sweep,medium,180.0,False,849039492,0.7342,2098.0,0.2174,30,0,2.5,0.8485,0.25,0.9615,9.0,1.0,1.0,1.0,2.333,0.0,0.0,2098.0,0.0,131.12,0.9949,0.9813
sesslen_60,session_sweep,medium,60.0,False,904409147,0.4937,2104.0,0.2301,29,0,1.75,0.9474,0.0,0.5385,0.0,2.0,0.0,2.0,1.5,0.0,1600.0,504.0,64.0,20.16,0.9539,0.9836
medium_meta,speed_sweep,medium,300.0,True,751226608,0.8734,2040.0,0.2206,42,0,1.14,0.8824,0.7419,1.0,1.0,0.0,0.0,1.0,1.0,1.5,1280.0,760.0,47.41,76.0,0.9992,0.9956
very_fast_nometa,speed_sweep,very_fast,300.0,False,603354533,0.7468,2188.0,0.2376,45,0,1.12,0.6429,0.64,0.9615,1.167,1.0,1.2,1.0,1.0,1.4,1502.0,686.0,93.88,38.11,0.9998,0.9758
fast_nometa,speed_sweep,fast,300.0,False,1145243565,0.7215,2130.0,0.2102,53,0,1.12,0.5,0.7059,0.9565,1.0,1.0,1.25,1.0,1.0,1.25,1556.0,574.0,172.89,33.76,0.974,0.9422
sesslen_120,session_sweep,medium,120.0,False,401886818,0.6709,1964.0,0.217,45,0,1.0,0.5312,0.7742,0.75,1.0,0.0,1.0,1.0,1.0,0.0,754.0,1210.0,50.27,63.68,0.8824,0.9459
slow_meta,speed_sweep,slow,300.0,True,1734282185,0.5949,2270.0,0.2186,46,3,2.5,0.3684,0.5476,0.9444,7.0,0.0,0.0,1.0,0.0,1.0,1028.0,1242.0,85.67,59.14,0.9428,0.946
sesslen_180,session_sweep,medium,180.0,False,1655179225,0.8228,2128.0,0.2377,31,0,1.75,0.9032,0.625,0.9167,2.333,1.0,2.0,1.0,1.5,0.0,1068.0,1060.0,31.41,75.71,0.9947,0.9917
sesslen_120,session_sweep,medium,120.0,False,857137127,0.4684,1522.0,0.2306,48,0,1.0,0.0,0.6923,1.0,1.0,1.0,0.0,1.0,0.0,0.0,942.0,580.0,72.46,32.22,0.9996,0.9897
very_fast_meta,speed_sweep,very_fast,300.0,True,1159153752,0.7975,1992.0,0.2318,42,0,1.19,0.6923,0.68,1.0,1.167,1.0,1.0,1.0,1.8,1.333,834.0,1158.0,39.71,72.38,0.9861,0.998
very_fast_nometa,speed_sweep,very_fast,300.0,False,1313429331,0.7975,2234.0,0.2269,49,0,1.17,0.7143,0.75,0.9231,1.0,1.0,1.6,1.0,1.0,1.429,1620.0,614.0,85.26,55.82,0.9982,0.9997
slow_meta,speed_sweep,slow,300.0,True,1624905401,0.8354,2238.0,0.2173,27,0,1.0,0.8,0.6429,1.0,0.0,1.0,1.0,0.0,1.0,0.0,878.0,1360.0,21.95,113.33,0.9831,0.969
very_fast_meta,speed_sweep,very_fast,300.0,True,436871856,0.7468,1978.0,0.1955,48,0,1.14,0.6333,0.625,1.0,1.2,1.0,1.286,1.0,1.2,1.2,1408.0,570.0,108.31,31.67,0.9704,0.9723
sesslen_120,session_sweep,medium,120.0,False,477556560,0.6329,2456.0,0.2286,46,0,2.14,0.1765,0.8571,1.0,0.0,1.0,0.0,1.0,5.0,1.0,1278.0,1178.0,63.9,90.62,1.0,0.9663
fast_nometa,speed_sweep,fast,300.0,False,1074031114,0.8481,2416.0,0.1891,42,0,1.24,0.7692,0.7391,1.0,1.5,1.0,1.5,1.0,1.0,1.333,1774.0,642.0,70.96,53.5,0.9868,0.9961
medium_nometa,speed_sweep,medium,300.0,False,606264684,0.8608,1802.0,0.1969,33,0,1.38,0.8,0.6667,1.0,0.0,1.0,1.5,0.0,1.5,2.0,606.0,1196.0,17.31,108.73,0.9909,0.9999
very_fast_meta,speed_sweep,very_fast,300.0,True,930039090,0.7848,1998.0,0.1939,39,0,1.15,0.7778,0.6207,1.0,1.0,1.0,1.143,1.0,1.333,1.5,556.0,1442.0,24.17,84.82,0.9988,0.9987
fast_meta,speed_sweep,fast,300.0,True,302078046,0.8861,2182.0,0.2315,36,0,1.07,0.8889,0.6842,1.0,1.0,1.0,0.0,1.0,1.0,2.0,1602.0,580.0,47.12,64.44,0.9992,0.9873
sesslen_120,session_sweep,medium,120.0,False,776353147,0.8101,1962.0,0.2249,53,0,1.14,0.4286,0.7609,1.0,2.0,0.0,0.0,1.0,0.0,1.0,1364.0,598.0,104.92,46.0,0.9983,0.9912
fast_meta,speed_sweep,fast,300.0,True,610737665,0.7595,2298.0,0.2262,34,0,1.4,0.75,0.5,0.96,1.0,1.0,1.0,1.0,2.0,2.0,1638.0,660.0,63.0,34.74,0.9715,0.9797
fast_meta,speed_sweep,fast,300.0,True,981252327,0.7342,1785.0,0.2238,39,1,1.47,0.6857,0.625,0.95,1.6,1.0,1.5,1.0,1.75,0.0,1203.0,582.0,60.15,29.1,0.9652,0.9834
very_fast_meta,speed_sweep,very_fast,300.0,True,128270545,0.7468,2052.0,0.2193,44,0,1.14,0.68,0.7333,0.8333,1.0,1.0,1.143,1.0,2.0,1.222,822.0,1230.0,45.67,72.35,0.9976,0.9943
sesslen_180,session_sweep,medium,180.0,False,1807147909,0.7848,2144.0,0.2227,40,0,1.43,0.8077,0.4545,1.0,1.0,1.0,1.0,1.0,1.0,2.5,2144.0,0.0,76.57,0.0,0.9997,0.9731
medium_meta,speed_sweep,medium,300.0,True,1162021794,0.9241,1924.0,0.2154,33,0,1.14,1.0,0.625,1.0,0.0,1.0,0.0,1.0,1.0,2.0,558.0,1366.0,13.95,227.67,0.9998,0.9892
very_fast_nometa,speed_sweep,very_fast,300.0,False,2006432805,0.6329,1922.0,0.1965,45,0,1.31,0.5294,0.35,1.0,1.667,1.0,1.333,1.0,1.75,2.0,1200.0,722.0,66.67,45.12,0.9836,0.9607
slow_meta,speed_sweep,slow,300.0,True,1010781372,0.8354,2128.0,0.2318,52,0,1.0,0.7143,0.75,1.0,0.0,1.0,1.0,1.0,0.0,1.0,858.0,1270.0,61.29,97.69,0.9987,0.9993
sesslen_60,session_sweep,medium,60.0,False,860063202,0.5063,1938.0,0.2109,38,0,2.25,0.5333,0.2,0.6897,2.0,1.5,5.0,2.0,1.5,3.0,0.0,1938.0,0.0,84.26,0.932,0.9334
very_fast_nometa,speed_sweep,very_fast,300.0,False,1103972299,0.7848,1950.0,0.2299,47,0,1.13,0.8438,0.6562,0.9333,1.0,1.167,1.1,1.0,1.5,1.25,1288.0,662.0,85.87,38.94,0.9787,0.9985
sesslen_180,session_sweep,medium,180.0,False,410639091,0.5063,1564.0,0.1936,28,0,1.2,1.0,0.0,0.8158,0.0,1.0,1.0,1.333,0.0,0.0,930.0,634.0,35.77,25.36,1.0,0.9962
very_fast_meta,speed_sweep,very_fast,300.0,True,223029353,0.5949,2074.0,0.1969,39,1,1.21,0.6897,0.0,0.871,0.0,1.2,1.0,1.25,1.25,0.0,744.0,1330.0,43.76,57.83,0.9836,0.9999
sesslen_180,session_sweep,medium,180.0,False,1140225095,0.6835,2176.0,0.2194,48,0,1.0,0.5,0.5484,1.0,1.0,1.0,1.0,1.0,1.0,1.0,1534.0,642.0,109.57,37.76,0.9966,0.9581
very_fast_nometa,speed_sweep,very_fast,300.0,False,1570864229,0.6329,2112.0,0.2244,43,0,1.32,0.7917,0.5517,0.5769,1.286,1.25,1.0,1.556,1.25,1.2,968.0,1144.0,50.95,67.29,0.9979,0.9943
medium_nometa,speed_sweep,medium,300.0,False,657907802,0.7722,2200.0,0.2108,52,0,1.17,0.0,0.7419,0.9744,1.0,0.0,0.0,1.0,0.0,1.5,1616.0,584.0,107.73,48.67,0.8884,0.9779
fast_meta,speed_sweep,fast,300.0,True,1274885840,0.8734,2136.0,0.1945,36,0,1.29,0.8,0.6429,1.0,1.0,1.0,0.0,1.0,1.5,2.0,1572.0,564.0,47.64,56.4,0.9871,0.9977
medium_meta,speed_sweep,medium,300.0,True,2067555768,0.7722,2016.0,0.1944,48,0,1.29,0.4286,0.5455,1.0,0.0,1.0,0.0,1.0,3.0,1.0,1434.0,582.0,68.29,58.2,1.0,0.9913
medium_meta,speed_sweep,medium,300.0,True,190843318,0.7722,1950.0,0.2155,18,1,2.12,0.881,0.1333,1.0,4.5,1.0,1.5,0.0,1.5,0.0,0.0,1950.0,0.0,139.29,0.9999,0.9995
fast_meta,speed_sweep,fast,300.0,True,1592538373,0.5823,2202.0,0.2087,38,2,1.4,0.4483,0.3333,0.8966,3.0,1.0,2.0,1.0,1.333,1.0,1334.0,868.0,63.52,43.4,0.959,0.9953
sesslen_180,session_sweep,medium,180.0,False,590747255,0.5949,1842.0,0.2206,36,0,1.43,0.5,0.8,0.6957,1.0,2.0,1.0,0.0,1.5,0.0,690.0,1152.0,32.86,52.36,0.9842,0.9279
sesslen_180,session_sweep,medium,180.0,False,1624882740,0.8481,2254.0,0.2437,31,0,1.0,0.9394,0.7188,0.9286,1.0,1.0,1.0,0.0,1.0,1.0,1574.0,680.0,43.72,56.67,0.9346,0.9848
sesslen_60,session_sweep,medium,60.0,False,893133841,0.6709,1974.0,0.2543,47,0,1.38,1.0,0.3939,0.8571,0.0,1.0,0.0,1.0,1.0,2.0,1244.0,730.0,59.24,66.36,0.8866,0.925
very_fast_meta,speed_sweep,very_fast,300.0,True,267356651,0.7722,1900.0,0.1877,45,0,1.17,0.7333,0.5833,1.0,1.0,1.0,1.75,1.0,1.0,1.333,1508.0,392.0,71.81,30.15,0.9988,0.99
slow_meta,speed_sweep,slow,300.0,True,361564051,0.3671,1866.0,0.2157,26,5,1.5,0.0,0.0476,0.7297,0.0,0.0,0.0,1.0,0.0,2.0,310.0,1556.0,18.24,43.22,0.9084,0.9961
very_fast_meta,speed_sweep,very_fast,300.0,True,308773412,0.8608,2448.0,0.226,47,0,1.15,0.8,0.7778,0.9688,1.0,1.125,1.2,1.0,1.25,1.25,1798.0,650.0,85.62,59.09,0.9954,0.9931
sesslen_300,session_sweep,medium,300.0,False,725569174,0.8354,1984.0,0.2162,41,0,1.33,0.8966,0.7143,1.0,1.0,1.0,1.5,1.0,0.0,2.0,804.0,1180.0,32.16,90.77,0.9999,0.9863
very_fast_nometa,speed_sweep,very_fast,300.0,False,1015042072,0.7975,1732.0,0.1872,46,0,1.11,0.9167,0.5625,1.0,1.0,1.0,1.0,1.0,1.25,1.5,1732.0,0.0,101.88,0.0,0.9965,0.9854
sesslen_120,session_sweep,medium,120.0,False,669258037,0.7975,2200.0,0.2275,39,0,1.29,0.6061,0.7273,1.0,1.0,1.0,0.0,1.0,1.667,0.0,1554.0,646.0,57.56,49.69,0.9987,0.959
fast_meta,speed_sweep,fast,300.0,True,404104910,0.7722,2360.0,0.2106,39,0,1.5,0.7222,0.7143,1.0,1.0,1.0,2.0,1.0,2.5,1.0,1688.0,672.0,67.52,44.8,0.9911,0.9767
sesslen_120,session_sweep,medium,120.0,False,1484418537,0.7215,1890.0,0.2161,40,0,1.25,0.8889,0.52,0.7778,1.0,1.0,0.0,1.333,1.5,1.0,558.0,1332.0,19.93,121.09,0.9991,0.9739
sesslen_60,session_sweep,medium,60.0,False,1962265719,0.5063,2354.0,0.251,54,0,2.67,0.2258,0.6522,0.72,1.5,2.0,3.0,4.0,4.0,2.0,2354.0,0.0,156.93,0.0,0.9562,0.9902
sesslen_60,session_sweep,medium,60.0,False,1477593094,0.5696,2074.0,0.223,48,0,1.14,0.6744,0.2609,0.7692,1.5,1.0,1.0,0.0,1.0,1.0,1416.0,658.0,101.14,38.71,0.9897,0.9431
very_fast_meta,speed_sweep,very_fast,300.0,True,1097170204,0.4684,2262.0,0.2165,36,4,1.39,0.7917,0.0,0.6,0.0,1.333,1.2,1.833,1.0,0.0,1628.0,634.0,81.4,27.57,0.9926,0.9998
medium_nometa,speed_sweep,medium,300.0,False,890177241,0.7468,1984.0,0.1969,27,0,1.5,0.7419,0.2,1.0,2.0,1.0,1.5,0.0,1.0,3.0,598.0,1386.0,14.95,115.5,0.999,0.9794
fast_meta,speed_sweep,fast,300.0,True,1829182013,0.7215,1916.0,0.1966,39,0,1.86,0.48,0.5263,1.0,1.0,1.0,1.0,1.0,4.333,2.0,560.0,1356.0,29.47,64.57,1.0,0.9718
very_fast_meta,speed_sweep,very_fast,300.0,True,2136213548,0.5443,2266.0,0.2309,47,1,1.29,0.4167,0.4483,0.7692,1.0,1.429,1.0,1.0,1.5,1.429,1402.0,864.0,127.45,41.14,0.9769,0.9933
sesslen_120,session_sweep,medium,120.0,False,1571186866,0.6962,1862.0,0.2378,52,0,1.29,0.2778,0.7105,1.0,1.0,0.0,0.0,1.0,1.0,3.0,1030.0,832.0,93.64,52.0,0.9708,0.9803
sesslen_300,session_sweep,medium,300.0,False,676710617,0.8101,1854.0,0.197,42,0,1.25,1.0,0.6667,0.9412,1.0,0.0,1.0,1.5,1.0,2.0,568.0,1286.0,24.7,91.86,0.9994,0.9977
sesslen_300,session_sweep,medium,300.0,False,2080072348,0.8354,2582.0,0.223,37,0,1.0,0.6471,0.7931,0.9697,0.0,1.0,1.0,1.0,1.0,1.0,1986.0,596.0,68.48,45.85,0.9995,0.9857
sesslen_180,session_sweep,medium,180.0,False,2015393224,0.8481,2288.0,0.2167,33,0,1.75,0.7353,0.75,1.0,1.5,1.0,1.0,0.0,2.667,0.0,2288.0,0.0,65.37,0.0,0.9967,0.9475
very_fast_nometa,speed_sweep,very_fast,300.0,False,1405169705,0.6582,2048.0,0.2247,49,0,1.32,0.4,0.6875,0.9091,1.111,1.0,2.0,1.0,1.6,2.0,1466.0,582.0,146.6,29.1,0.9662,0.9527
very_fast_meta,speed_sweep,very_fast,300.0,True,803288531,0.7089,2110.0,0.2099,39,0,1.36,0.3913,0.6087,1.0,1.667,1.0,1.4,1.0,3.0,1.667,1524.0,586.0,69.27,32.56,0.9984,0.9883
medium_meta,speed_sweep,medium,300.0,True,306933984,0.8861,1942.0,0.1949,46,0,1.0,1.0,0.7097,1.0,0.0,1.0,1.0,1.0,1.0,1.0,1272.0,670.0,53.0,74.44,0.9991,0.9983
fast_nometa,speed_sweep,fast,300.0,False,860228531,0.7975,1880.0,0.1961,46,0,1.19,0.8,0.7632,0.8462,1.0,1.0,1.0,1.0,2.0,1.4,552.0,1328.0,26.29,110.67,0.9998,0.9958
very_fast_nometa,speed_sweep,very_fast,300.0,False,847587066,0.8101,1962.0,0.1969,38,0,1.09,0.8966,0.64,0.88,1.0,1.0,1.1,1.0,1.0,1.333,614.0,1348.0,21.93,103.69,0.9884,0.9837
sesslen_60,session_sweep,medium,60.0,False,29871232,0.4937,2064.0,0.1967,45,0,2.11,0.5294,0.24,0.6486,0.0,1.0,3.0,1.5,1.5,4.0,1382.0,682.0,81.29,40.12,0.9321,0.9495
sesslen_60,session_sweep,medium,60.0,False,380167731,0.5696,2144.0,0.2357,47,0,1.88,0.3333,0.5455,0.8966,1.0,1.0,3.0,0.0,3.0,2.0,908.0,1236.0,56.75,77.25,0.9971,0.9234
medium_meta,speed_sweep,medium,300.0,True,1684510265,0.8101,1972.0,0.1949,51,0,1.25,0.6923,0.7561,0.96,1.0,0.0,1.5,1.5,0.0,1.0,1358.0,614.0,97.0,43.86,0.999,0.9994
medium_meta,speed_sweep,medium,300.0,True,1461272780,0.8987,2242.0,0.2151,42,0,1.57,0.84,0.9722,0.8333,1.0,1.0,2.0,2.0,1.0,2.0,2242.0,0.0,77.31,0.0,0.9996,0.9919
slow_nometa,speed_sweep,slow,300.0,False,995169204,0.8608,2164.0,0.2204,52,0,1.33,0.0,0.6562,1.0,0.0,0.0,0.0,1.0,0.0,1.5,2164.0,0.0,113.89,0.0,0.9058,0.9549
sesslen_300,session_sweep,medium,300.0,False,2007933879,0.9114,2224.0,0.2121,33,0,1.25,0.9333,0.7917,1.0,1.0,1.0,2.0,1.0,1.5,1.0,1536.0,688.0,39.38,98.29,0.9996,0.9965
sesslen_180,session_sweep,medium,180.0,False,1096246839,0.5949,1928.0,0.2172,47,0,1.25,0.3704,0.2857,1.0,2.0,1.0,1.0,1.0,1.5,1.0,0.0,1928.0,0.0,128.53,0.9461,0.9836
medium_nometa,speed_sweep,medium,300.0,False,339468390,0.7089,2528.0,0.2301,44,0,1.43,0.56,0.5556,1.0,1.0,0.0,1.0,1.0,2.5,0.0,1870.0,658.0,98.42,41.12,0.9945,0.9552
sesslen_60,session_sweep,medium,60.0,False,232018256,0.6329,2506.0,0.2355,23,0,1.5,0.9394,0.0625,0.6,3.0,2.0,1.0,1.0,1.0,0.0,1612.0,894.0,44.78,44.7,0.883,0.9785
sesslen_60,session_sweep,medium,60.0,False,918447718,0.5063,1726.0,0.2391,9,0,1.2,0.92,0.0278,0.8889,0.0,1.0,1.0,2.0,1.0,0.0,1192.0,534.0,32.22,16.18,0.9841,0.9876
fast_meta,speed_sweep,fast,300.0,True,434568436,0.8101,2058.0,0.1963,41,0,1.46,0.7391,0.64,1.0,2.0,1.0,1.0,1.0,1.333,2.5,2058.0,0.0,82.32,0.0,0.9923,0.9969
fast_nometa,speed_sweep,fast,300.0,False,1911718400,0.7595,2188.0,0.2124,47,0,1.25,0.85,0.6905,0.8235,1.0,1.0,1.0,2.0,1.0,1.5,1008.0,1180.0,59.29,78.67,0.998,0.9972
slow_meta,speed_sweep,slow,300.0,True,1540046568,0.7848,1208.0,0.1591,39,0,1.67,0.8108,0.7619,0.0,1.0,0.0,2.0,0.0,0.0,0.0,536.0,672.0,22.33,42.0,1.0,0.9801
very_fast_meta,speed_sweep,very_fast,300.0,True,2091819198,0.7595,2260.0,0.1949,45,0,1.1,0.4118,0.8571,0.8519,1.2,1.0,1.0,1.143,1.333,1.0,2260.0,0.0,141.25,0.0,0.9998,0.9995
very_fast_nometa,speed_sweep,very_fast,300.0,False,2040303987,0.7848,1928.0,0.188,38,0,1.15,0.8182,0.56,1.0,1.143,1.0,1.143,1.0,1.333,2.0,1536.0,392.0,64.0,23.06,0.9882,0.988
fast_nometa,speed_sweep,fast,300.0,False,407729538,0.7722,1974.0,0.22,35,0,1.21,0.8235,0.5385,1.0,1.0,1.0,1.0,1.0,2.0,2.0,1304.0,670.0,50.15,37.22,0.9994,0.9948
sesslen_300,session_sweep,medium,300.0,False,1962315096,0.7089,2090.0,0.221,43,0,1.14,0.625,0.8,0.7931,1.0,1.0,0.0,1.0,1.5,1.0,1490.0,600.0,99.33,28.57,0.9989,0.9273
very_fast_meta,speed_sweep,very_fast,300.0,True,1973720213,0.5443,2166.0,0.2111,27,2,1.05,0.4286,0.2174,0.9286,1.0,1.0,1.25,1.0,1.0,1.0,752.0,1414.0,30.08,52.37,1.0,1.0
sesslen_180,session_sweep,medium,180.0,False,951468,0.6962,2438.0,0.2308,43,0,1.29,0.5862,0.6923,1.0,1.0,1.0,1.667,0.0,0.0,1.0,1758.0,680.0,87.9,42.5,0.9748,0.9338
very_fast_meta,speed_sweep,very_fast,300.0,True,996830428,0.7595,2114.0,0.2297,45,0,1.12,0.7407,0.5926,0.96,1.0,1.0,1.143,1.0,1.2,1.667,1232.0,882.0,82.13,46.42,0.9987,0.99
sesslen_180,session_sweep,medium,180.0,False,1385090713,0.557,2148.0,0.2356,42,0,1.75,0.7368,0.3421,0.7727,1.5,0.0,0.0,1.0,2.0,3.0,1558.0,590.0,77.9,34.71,0.92,0.9663
sesslen_120,session_sweep,medium,120.0,False,661589689,0.6962,2276.0,0.2161,46,0,2.25,0.2917,0.6667,0.973,0.0,1.0,2.0,1.0,4.5,2.0,1466.0,810.0,77.16,57.86,0.9999,0.9637
medium_meta,speed_sweep,medium,300.0,True,17517392,0.7975,2132.0,0.2102,39,1,1.6,0.7059,0.5714,1.0,1.0,1.0,2.5,1.0,2.0,2.0,2132.0,0.0,64.61,0.0,0.9615,0.9682
sesslen_60,session_sweep,medium,60.0,False,1259159371,0.5949,2018.0,0.2034,39,0,1.71,0.5455,0.2593,0.8293,0.0,1.0,0.0,1.667,3.0,1.5,1370.0,648.0,59.57,38.12,0.9029,0.915
fast_nometa,speed_sweep,fast,300.0,False,1330175956,0.7342,2158.0,0.2299,36,0,1.35,0.8276,0.6875,0.6765,1.0,1.0,1.0,1.5,2.0,1.5,1578.0,580.0,52.6,44.62,0.9953,0.9957
fast_nometa,speed_sweep,fast,300.0,False,1052922761,0.557,1706.0,0.1968,30,0,1.3,0.7692,0.0,1.0,0.0,1.0,1.0,1.0,2.5,0.0,1706.0,0.0,65.62,0.0,0.9999,1.0
sesslen_60,session_sweep,medium,60.0,False,1101672070,0.6203,1824.0,0.2325,17,0,1.0,0.8889,0.0,1.0,0.0,1.0,1.0,1.0,1.0,0.0,902.0,922.0,23.74,38.42,0.8844,0.9839
sesslen_180,session_sweep,medium,180.0,False,412184752,0.5443,2180.0,0.2191,42,0,1.43,0.6111,0.4643,0.5333,1.0,1.5,1.667,0.0,0.0,1.0,1518.0,662.0,72.29,41.38,0.9794,0.943
medium_meta,speed_sweep,medium,300.0,True,585979195,0.8101,2564.0,0.2122,21,0,1.86,0.913,0.5417,1.0,2.5,1.0,1.333,0.0,0.0,3.0,832.0,1732.0,18.91,123.71,0.9282,0.9689
sesslen_300,session_sweep,medium,300.0,False,1162036047,0.5696,1988.0,0.2187,38,0,1.14,0.6522,0.3333,1.0,1.0,1.0,1.0,1.0,0.0,1.5,756.0,1232.0,42.0,53.57,0.9411,0.9427
very_fast_nometa,speed_sweep,very_fast,300.0,False,1061024966,0.8228,1634.0,0.206,47,0,1.06,0.9545,0.6061,1.0,1.0,1.0,1.0,1.0,1.0,1.4,984.0,650.0,54.67,46.43,0.9953,0.9997
very_fast_meta,speed_sweep,very_fast,300.0,True,550916174,0.7089,2250.0,0.2283,39,0,1.3,0.6429,0.48,1.0,1.0,1.0,1.2,1.0,2.0,1.8,2028.0,222.0,119.29,9.65,0.9971,0.9868
medium_nometa,speed_sweep,medium,300.0,False,2028561295,0.7089,2104.0,0.1963,42,0,2.0,0.7143,0.4333,1.0,2.0,0.0,1.0,1.0,3.0,4.0,1424.0,680.0,56.96,56.67,0.9917,0.9502
medium_nometa,speed_sweep,medium,300.0,False,370443265,0.7722,2034.0,0.2189,33,0,1.0,0.7742,0.7143,0.85,0.0,1.0,1.0,0.0,0.0,1.0,660.0,1374.0,21.29,91.6,0.9999,0.9926
slow_meta,speed_sweep,slow,300.0,True,284016506,0.7975,2030.0,0.2432,30,0,1.75,0.75,0.7,1.0,2.0,0.0,0.0,1.0,2.0,0.0,1466.0,564.0,44.42,35.25,1.0,0.9735
very_fast_meta,speed_sweep,very_fast,300.0,True,1287321648,0.7975,2092.0,0.224,48,0,1.14,0.8077,0.6207,1.0,1.0,1.0,1.375,1.0,1.25,1.2,1492.0,600.0,99.47,37.5,0.9992,0.9947
medium_meta,speed_sweep,medium,300.0,True,1885207427,0.6456,2288.0,0.2102,45,1,3.62,0.1579,0.6667,0.8333,0.0,3.333,0.0,1.0,5.0,3.0,772.0,1516.0,38.6,108.29,0.9598,0.964
sesslen_120,session_sweep,medium,120.0,False,1440133507,0.7468,1984.0,0.2369,36,0,1.67,0.5294,0.6923,1.0,0.0,1.0,2.0,0.0,2.0,2.0,1350.0,634.0,51.92,37.29,0.9019,0.9403
slow_meta,speed_sweep,slow,300.0,True,917367427,0.8354,1844.0,0.2188,33,0,1.0,0.9286,0.7419,0.6667,1.0,0.0,1.0,1.0,0.0,0.0,1002.0,842.0,29.47,70.17,0.9985,0.9616
sesslen_120,session_sweep,medium,120.0,False,2097421121,0.8861,1876.0,0.2155,35,0,1.29,0.931,0.5882,1.0,0.0,1.0,1.0,0.0,2.0,1.0,514.0,1362.0,14.69,151.33,0.9999,0.9795
medium_meta,speed_sweep,medium,300.0,True,1697708090,0.8861,2264.0,0.2145,54,0,1.5,0.875,0.9545,0.7778,1.0,0.0,1.5,1.5,0.0,1.667,1460.0,804.0,91.25,89.33,0.9999,0.9955
medium_nometa,speed_sweep,medium,300.0,False,30207581,0.6329,1380.0,0.1593,19,0,1.75,1.0,0.0,0.8571,0.0,2.0,1.0,3.0,1.0,0.0,760.0,620.0,20.54,26.96,0.9595,0.9942
slow_nometa,speed_sweep,slow,300.0,False,189944195,0.6203,2430.0,0.1854,24,0,1.0,0.6944,0.375,0.6667,0.0,1.0,1.0,0.0,0.0,1.0,1866.0,564.0,53.31,28.2,1.0,0.9962
sesslen_300,session_sweep,medium,300.0,False,510521779,0.8861,2114.0,0.2263,42,0,1.14,0.8333,0.7692,1.0,1.0,1.0,1.0,1.0,0.0,1.5,1460.0,654.0,50.34,81.75,0.9988,0.9878
sesslen_60,session_sweep,medium,60.0,False,186508209,0.6329,2012.0,0.2238,45,0,2.5,0.1905,0.5926,0.9677,0.0,1.0,0.0,1.0,4.667,2.0,890.0,1122.0,44.5,80.14,1.0,0.9713
slow_nometa,speed_sweep,slow,300.0,False,1269709035,0.8481,2200.0,0.2262,42,0,1.33,0.6522,0.7647,1.0,0.0,1.0,2.0,0.0,0.0,1.0,1544.0,656.0,59.38,59.64,0.9999,0.9743
sesslen_60,session_sweep,medium,60.0,False,1217676631,0.6203,2202.0,0.2348,41,0,1.75,0.55,0.52,0.7353,1.0,0.0,0.0,1.0,3.5,2.0,172.0,2030.0,9.56,101.5,0.9342,0.958
very_fast_meta,speed_sweep,very_fast,300.0,True,1434216302,0.8354,2102.0,0.2207,52,0,1.09,0.7619,0.7742,0.963,1.0,1.0,1.2,1.0,1.333,1.143,1480.0,622.0,105.71,47.85,0.9933,0.9973
sesslen_60,session_sweep,medium,60.0,False,164836516,0.4937,1952.0,0.2122,43,0,2.57,0.2632,0.2258,0.931,2.0,1.0,0.0,1.0,4.0,4.5,818.0,1134.0,51.12,56.7,0.9514,0.9544
sesslen_300,session_sweep,medium,300.0,False,1371804976,0.4937,2126.0,0.217,24,0,2.2,0.7778,0.0278,0.96,0.0,1.0,5.0,1.0,0.0,3.0,1458.0,668.0,63.39,20.88,1.0,0.9997
fast_meta,speed_sweep,fast,300.0,True,1110955608,0.4051,2214.0,0.1945,32,5,1.6,0.5556,0.2564,0.5455,1.5,1.5,1.0,3.0,1.0,3.0,1586.0,628.0,75.52,24.15,0.9738,0.9959
medium_nometa,speed_sweep,medium,300.0,False,1494310186,0.7468,2104.0,0.1963,35,0,1.25,0.8,0.5312,1.0,1.0,1.0,1.0,1.0,1.0,2.0,1424.0,680.0,45.94,52.31,1.0,0.9372
sesslen_120,session_sweep,medium,120.0,False,375303951,0.7722,2470.0,0.2287,39,0,1.57,0.6087,0.7778,0.8684,0.0,1.0,0.0,1.0,3.0,1.0,1440.0,1030.0,57.6,68.67,0.9987,0.9645
slow_nometa,speed_sweep,slow,300.0,False,1649224403,0.7722,2466.0,0.2149,52,0,1.33,0.0,0.5135,1.0,0.0,0.0,0.0,1.0,0.0,2.0,1824.0,642.0,101.33,71.33,0.9736,0.9717
fast_nometa,speed_sweep,fast,300.0,False,2099617754,0.8481,2102.0,0.2207,36,0,1.57,0.8636,0.625,1.0,1.0,1.0,1.0,1.0,2.0,2.667,1458.0,644.0,47.03,53.67,0.9975,0.9871
slow_nometa,speed_sweep,slow,300.0,False,481422286,0.6456,1892.0,0.2147,41,0,1.75,0.5217,0.7941,0.5455,1.0,0.0,1.0,4.0,0.0,1.0,1286.0,606.0,75.65,28.86,0.984,0.9584
slow_nometa,speed_sweep,slow,300.0,False,569434041,0.5443,2030.0,0.2214,45,0,1.67,0.5652,0.2121,1.0,3.0,0.0,0.0,1.0,1.0,0.0,634.0,1396.0,42.27,73.47,0.7806,0.9211
slow_nometa,speed_sweep,slow,300.0,False,968761855,0.5949,2014.0,0.1971,45,0,1.5,0.375,0.4333,1.0,1.0,0.0,2.0,1.0,0.0,2.0,650.0,1364.0,43.33,71.79,0.9764,0.986
very_fast_meta,speed_sweep,very_fast,300.0,True,1067222949,0.4684,1514.0,0.1825,34,2,1.06,0.5185,0.0,0.9583,0.0,1.0,1.0,1.333,1.0,0.0,216.0,1298.0,9.82,56.43,0.8632,0.8833
slow_meta,speed_sweep,slow,300.0,True,1653505735,0.481,1804.0,0.1909,40,3,2.0,0.0,0.5641,0.4,0.0,0.0,0.0,2.5,0.0,1.0,1804.0,0.0,120.27,0.0,0.982,0.9932
sesslen_60,session_sweep,medium,60.0,False,1962746955,0.4177,2428.0,0.2279,51,0,1.67,0.0909,0.6818,0.625,1.0,2.0,2.0,1.0,0.0,2.0,1238.0,1190.0,206.33,54.09,0.9609,0.9241
sesslen_120,session_sweep,medium,120.0,False,1106314045,0.5443,2138.0,0.2473,28,0,2.5,0.8065,0.0556,0.5667,9.0,1.333,1.0,1.0,2.5,0.0,1954.0,184.0,63.03,9.2,0.9051,0.9639
sesslen_180,session_sweep,medium,180.0,False,68485051,0.6582,2316.0,0.204,33,0,1.86,0.7391,0.8095,0.5143,0.0,2.667,2.0,0.0,1.0,1.0,962.0,1354.0,37.0,67.7,0.9744,0.9767
slow_meta,speed_sweep,slow,300.0,True,158856984,0.7215,2170.0,0.2297,45,0,2.25,0.5,0.7222,0.9091,0.0,1.0,2.0,0.0,5.0,1.0,1952.0,218.0,97.6,15.57,0.9906,0.9617
sesslen_60,session_sweep,medium,60.0,False,1884004303,0.6203,2174.0,0.2375,51,0,1.71,0.3846,0.4595,0.931,0.0,1.0,4.0,1.0,0.0,1.667,1540.0,634.0,90.59,57.64,0.9388,0.9483
sesslen_300,session_sweep,medium,300.0,False,314347001,0.8354,1988.0,0.1958,42,0,1.57,0.7778,0.7083,0.9459,0.0,1.0,0.0,1.0,2.0,3.0,1316.0,672.0,52.64,56.0,1.0,0.9902
very_fast_nometa,speed_sweep,very_fast,300.0,False,70411612,0.8101,2068.0,0.1878,43,0,1.19,0.8182,0.6207,1.0,1.0,1.0,1.6,1.0,1.0,1.429,1548.0,520.0,73.71,34.67,0.9994,0.9982
medium_meta,speed_sweep,medium,300.0,True,1104151856,0.7342,1986.0,0.1958,50,0,1.25,0.4375,0.5926,0.9722,0.0,1.0,0.0,1.0,1.0,2.0,760.0,1226.0,54.29,81.73,0.9996,0.9749
slow_nometa,speed_sweep,slow,300.0,False,1420505427,0.6329,1886.0,0.2154,36,0,4.0,0.725,0.5385,0.0,10.0,0.0,1.0,0.0,0.0,0.0,520.0,1366.0,34.67,48.79,1.0,0.9776
sesslen_300,session_sweep,medium,300.0,False,977477405,0.6456,2296.0,0.2278,45,0,2.0,0.7778,0.4286,1.0,3.0,0.0,1.5,1.0,0.0,2.333,1642.0,654.0,96.59,38.47,0.9999,0.9928
slow_nometa,speed_sweep,slow,300.0,False,1799307860,0.7975,2114.0,0.226,43,0,1.0,0.8261,0.7333,1.0,1.0,0.0,1.0,1.0,0.0,0.0,536.0,1578.0,26.8,98.62,0.9999,0.9816
medium_meta,speed_sweep,medium,300.0,True,460984727,0.8608,1964.0,0.1954,28,0,1.5,0.8378,0.7368,1.0,1.0,1.0,0.0,1.0,2.5,0.0,1382.0,582.0,34.55,52.91,0.9999,0.9905
sesslen_120,session_sweep,medium,120.0,False,111276172,0.519,2132.0,0.2244,39,0,2.83,0.65,0.2564,0.9,6.5,0.0,1.0,1.0,1.0,0.0,444.0,1688.0,23.37,80.38,0.974,0.9373
sesslen_180,session_sweep,medium,180.0,False,1693168291,0.8987,1862.0,0.2305,36,0,1.12,0.8182,0.8,1.0,0.0,1.0,0.0,1.0,1.0,1.5,1224.0,638.0,34.0,91.14,0.991,0.9825
sesslen_60,session_sweep,medium,60.0,False,849382908,0.5443,1468.0,0.1799,57,0,1.56,0.25,0.8158,0.4444,1.5,1.0,2.5,1.0,2.0,1.0,798.0,670.0,66.5,67.0,0.9992,0.9947
sesslen_180,session_sweep,medium,180.0,False,1849008269,0.6709,1964.0,0.2284,36,0,1.33,0.8182,0.3514,1.0,2.0,0.0,0.0,1.0,1.0,2.0,1292.0,672.0,56.17,33.6,0.9783,0.9396
fast_meta,speed_sweep,fast,300.0,True,525046024,0.6582,1900.0,0.2161,48,0,1.47,0.5769,0.76,0.6429,1.333,1.5,1.5,1.0,2.0,1.0,808.0,1092.0,50.5,72.8,0.992,0.9606
sesslen_300,session_sweep,medium,300.0,False,1511568494,0.7342,2080.0,0.2197,21,0,1.86,0.8276,0.0625,0.9706,0.0,1.333,1.0,0.0,2.667,0.0,900.0,1180.0,22.5,65.56,0.9648,1.0
sesslen_120,session_sweep,medium,120.0,False,1364394248,0.4684,1170.0,0.207,9,0,1.0,0.8667,0.0,1.0,0.0,0.0,1.0,1.0,0.0,0.0,748.0,422.0,22.0,11.72,0.9485,0.9971
fast_nometa,speed_sweep,fast,300.0,False,1570828416,0.8228,1990.0,0.2261,38,0,1.21,0.8065,0.7241,1.0,1.0,1.0,1.25,1.0,1.0,2.0,1598.0,392.0,55.1,32.67,0.9813,0.9688
slow_nometa,speed_sweep,slow,300.0,False,280759400,0.8481,2622.0,0.2233,41,0,1.67,0.7143,0.75,1.0,0.0,1.0,2.0,0.0,0.0,2.0,1986.0,636.0,76.38,53.0,0.9973,0.9936
sesslen_300,session_sweep,medium,300.0,False,1057831090,0.7975,2160.0,0.2261,45,0,1.5,0.72,0.6897,1.0,2.0,1.0,1.5,1.0,1.0,2.0,1480.0,680.0,77.89,45.33,0.9626,0.9385
slow_nometa,speed_sweep,slow,300.0,False,1485410819,0.7342,1530.0,0.201,51,0,1.0,0.0,0.75,0.7143,0.0,0.0,0.0,1.0,0.0,1.0,858.0,672.0,78.0,39.53,0.9901,0.9945
slow_nometa,speed_sweep,slow,300.0,False,1160694802,0.8734,2466.0,0.2149,45,0,1.0,1.0,0.7297,1.0,0.0,0.0,1.0,1.0,0.0,1.0,1824.0,642.0,76.0,64.2,0.9996,0.9984
sesslen_120,session_sweep,medium,120.0,False,1736902575,0.6329,2202.0,0.2292,40,0,1.33,0.5,0.5556,0.8519,1.0,2.0,0.0,1.0,1.0,1.0,2202.0,0.0,100.09,0.0,0.9565,0.9652
fast_meta,speed_sweep,fast,300.0,True,391680915,0.7722,2268.0,0.1875,36,0,1.75,0.8095,0.5484,1.0,3.0,1.0,1.0,1.0,1.0,2.667,1686.0,582.0,67.44,32.33,1.0,0.9908
sesslen_180,session_sweep,medium,180.0,False,662193075,0.7089,2094.0,0.194,31,0,1.29,0.5455,0.72,0.9524,2.0,1.0,1.0,0.0,0.0,1.5,1416.0,678.0,56.64,29.48,0.9999,0.9932
fast_nometa,speed_sweep,fast,300.0,False,747965155,0.7595,2180.0,0.2192,30,0,1.07,0.8462,0.3158,1.0,1.0,1.0,1.0,1.0,1.0,2.0,1458.0,722.0,41.66,51.57,0.9981,0.9622
medium_nometa,speed_sweep,medium,300.0,False,487214892,0.7342,2214.0,0.1895,42,0,1.43,0.7037,0.7826,0.7241,0.0,1.5,2.0,1.0,2.0,1.0,1632.0,582.0,68.0,44.77,1.0,0.9803
sesslen_120,session_sweep,medium,120.0,False,895313037,0.6456,2070.0,0.2181,36,0,1.86,0.5814,0.0909,1.0,3.0,1.0,3.0,0.0,2.0,0.0,892.0,1178.0,42.48,53.55,0.9977,0.9646
sesslen_180,session_sweep,medium,180.0,False,1059047706,0.8608,2094.0,0.2409,41,0,1.25,0.7619,0.7692,1.0,1.0,1.0,1.0,1.0,3.0,1.0,1440.0,654.0,53.33,59.45,0.9629,0.9911
fast_meta,speed_sweep,fast,300.0,True,606626894,0.6962,2138.0,0.1973,39,0,1.23,0.5758,0.4118,1.0,0.0,1.0,1.5,1.0,1.0,2.0,674.0,1464.0,35.47,69.71,0.9987,0.9517
slow_meta,speed_sweep,slow,300.0,True,995981183,0.8481,2110.0,0.2389,36,0,1.0,0.8214,0.7742,1.0,1.0,0.0,0.0,1.0,0.0,1.0,1454.0,656.0,46.9,54.67,0.9971,0.9781
fast_meta,speed_sweep,fast,300.0,True,1804610586,0.7342,2166.0,0.1931,41,0,1.36,0.5882,0.6957,1.0,1.25,1.0,1.333,1.0,2.0,0.0,1468.0,698.0,66.73,43.62,0.9918,0.9655
very_fast_nometa,speed_sweep,very_fast,300.0,False,1487038397,0.8101,2282.0,0.2382,41,0,1.05,0.8929,0.5862,1.0,1.0,1.0,1.0,1.0,1.5,1.0,1232.0,1050.0,47.38,87.5,0.9982,0.9916
sesslen_180,session_sweep,medium,180.0,False,1765656478,0.6835,1902.0,0.2354,36,0,2.86,0.8333,0.2,0.9667,4.0,2.0,2.0,1.0,1.0,9.0,1672.0,230.0,55.73,17.69,0.9987,0.9995
medium_nometa,speed_sweep,medium,300.0,False,635409785,0.8481,2240.0,0.2175,36,0,1.43,0.9524,0.7037,0.9032,0.0,1.5,1.0,0.0,0.0,1.667,2240.0,0.0,72.26,0.0,0.9885,0.9988
sesslen_60,session_sweep,medium,60.0,False,101235896,0.6456,2014.0,0.2264,43,0,1.86,0.2222,0.5417,0.9189,1.5,1.0,0.0,1.5,3.0,0.0,898.0,1116.0,44.9,69.75,0.8857,0.9541
medium_nometa,speed_sweep,medium,300.0,False,822737796,0.8101,1948.0,0.2141,48,0,1.0,0.5714,0.6667,1.0,1.0,0.0,1.0,1.0,0.0,1.0,1320.0,628.0,69.47,52.33,0.9046,0.9509
very_fast_nometa,speed_sweep,very_fast,300.0,False,1254348735,0.481,1914.0,0.1967,32,0,1.21,0.6667,0.0,0.6923,0.0,1.167,1.0,1.0,1.571,0.0,0.0,1914.0,0.0,73.62,0.9996,0.9958
sesslen_60,session_sweep,medium,60.0,False,1991343914,0.3038,1634.0,0.1861,51,0,2.71,0.2381,0.75,0.2759,1.0,2.667,0.0,0.0,3.333,0.0,600.0,1034.0,54.55,60.82,0.9999,0.9762
sesslen_180,session_sweep,medium,180.0,False,313616431,0.7215,1924.0,0.2378,44,0,1.5,0.5667,0.7273,1.0,2.0,1.0,1.5,1.0,2.0,1.0,772.0,1152.0,42.89,67.76,0.9491,0.946
very_fast_nometa,speed_sweep,very_fast,300.0,False,1595144644,0.6329,1998.0,0.1957,51,0,1.1,0.2273,0.6,0.9375,1.0,1.0,2.0,1.0,1.0,1.125,732.0,1266.0,73.2,70.33,0.9674,0.9673
fast_nometa,speed_sweep,fast,300.0,False,899881032,0.6076,2216.0,0.197,19,0,1.27,0.9615,0.0,0.92,0.0,1.667,1.2,1.0,1.0,0.0,802.0,1414.0,25.06,50.5,0.9923,0.9934
sesslen_120,session_sweep,medium,120.0,False,507394888,0.6835,2172.0,0.2411,52,0,2.14,0.1905,0.7838,1.0,1.0,1.0,3.5,0.0,4.0,1.0,1580.0,592.0,121.54,42.29,0.9822,0.9829
medium_nometa,speed_sweep,medium,300.0,False,283297306,0.6962,2262.0,0.2162,35,0,1.57,0.62,0.75,1.0,1.0,1.0,2.0,0.0,3.0,0.0,1378.0,884.0,51.04,52.0,0.9355,0.93
sesslen_120,session_sweep,medium,120.0,False,1480229726,0.7848,1814.0,0.2136,40,0,1.57,0.6857,0.7,1.0,2.0,1.0,2.0,1.0,2.0,0.0,634.0,1180.0,26.42,78.67,0.99,0.9728
slow_nometa,speed_sweep,slow,300.0,False,755416231,0.5696,1204.0,0.1872,16,0,2.0,0.8824,0.0,0.7317,0.0,3.0,0.0,1.0,0.0,0.0,1204.0,0.0,31.68,0.0,1.0,0.9988
medium_nometa,speed_sweep,medium,300.0,False,1066387870,0.5949,2086.0,0.2217,35,0,3.33,0.8889,0.1622,1.0,0.0,0.0,0.0,1.0,2.0,7.5,458.0,1628.0,22.9,67.83,0.9911,0.9735
very_fast_meta,speed_sweep,very_fast,300.0,True,1367357603,0.7975,1834.0,0.2143,45,0,1.18,0.7727,0.6207,1.0,1.2,1.0,1.0,1.0,1.667,1.429,1164.0,670.0,64.67,41.88,0.995,0.9964
slow_nometa,speed_sweep,slow,300.0,False,1560132179,0.7722,1476.0,0.1595,30,0,2.33,0.8485,0.0,0.7174,0.0,1.0,0.0,0.0,3.0,0.0,1476.0,0.0,33.55,0.0,0.9995,0.9953
very_fast_nometa,speed_sweep,very_fast,300.0,False,367679435,0.7468,2100.0,0.2375,39,0,1.21,0.5882,0.6471,1.0,1.0,1.0,1.4,1.0,1.8,1.0,1096.0,1004.0,54.8,50.2,0.998,0.9993
medium_nometa,speed_sweep,medium,300.0,False,1133143450,0.8354,2138.0,0.2534,36,0,1.5,0.871,0.7353,1.0,1.0,1.0,2.0,0.0,0.0,2.0,1538.0,600.0,49.61,50.0,1.0,0.9868
medium_meta,speed_sweep,medium,300.0,True,1824529247,0.6076,3520.0,0.1618,48,0,1.0,0.5714,0.5789,1.0,1.0,1.0,1.0,0.0,0.0,0.0,2308.0,1212.0,230.8,57.71,0.9997,0.9151
slow_meta,speed_sweep,slow,300.0,True,528949322,0.5316,1506.0,0.1935,27,3,5.0,0.76,0.0625,0.2308,11.0,3.0,0.0,0.0,1.0,0.0,942.0,564.0,30.39,26.86,0.9023,0.9557
sesslen_120,session_sweep,medium,120.0,False,670393305,0.7848,2138.0,0.2121,45,0,1.12,0.8235,0.7174,0.9375,1.0,0.0,1.0,1.0,0.0,1.5,1452.0,686.0,80.67,42.88,0.9991,0.9936
fast_meta,speed_sweep,fast,300.0,True,634047260,0.6456,1980.0,0.2298,29,1,2.31,0.6571,0.4815,0.8824,2.5,1.0,2.0,1.0,3.25,5.0,1062.0,918.0,44.25,35.31,0.9516,0.9863
slow_nometa,speed_sweep,slow,300.0,False,627346176,0.8228,1462.0,0.1884,56,0,2.0,0.0,0.7111,1.0,0.0,0.0,0.0,1.0,0.0,2.5,826.0,636.0,82.6,48.92,0.8878,0.9993
fast_nometa,speed_sweep,fast,300.0,False,1717190204,0.8608,2114.0,0.2203,33,0,1.13,0.8158,0.7647,1.0,1.0,1.0,1.5,1.0,1.0,1.0,1432.0,682.0,40.91,62.0,0.9966,0.9716
very_fast_meta,speed_sweep,very_fast,300.0,True,1760065674,0.8101,2092.0,0.224,47,0,1.14,0.7742,0.6364,1.0,1.0,1.0,1.0,1.0,1.5,1.667,1492.0,600.0,87.76,40.0,0.994,0.9944
slow_nometa,speed_sweep,slow,300.0,False,186424242,0.9494,2314.0,0.2184,39,0,1.0,1.0,0.7647,1.0,0.0,0.0,0.0,1.0,1.0,1.0,2314.0,0.0,64.28,0.0,0.9999,0.9979
medium_meta,speed_sweep,medium,300.0,True,1536189321,0.8481,2126.0,0.2347,33,0,1.25,0.8485,0.7308,1.0,1.0,1.0,1.0,1.0,3.0,1.0,1454.0,672.0,42.76,56.0,0.9978,0.9778
sesslen_300,session_sweep,medium,300.0,False,1462303818,0.8101,1970.0,0.2151,39,0,1.29,0.8095,0.3125,1.0,0.0,1.0,0.0,1.0,1.0,3.0,604.0,1366.0,19.48,151.78,1.0,0.9573
very_fast_nometa,speed_sweep,very_fast,300.0,False,1111862822,0.7722,1904.0,0.2236,40,0,1.09,0.8696,0.4828,1.0,1.25,1.0,1.0,1.0,1.0,1.4,900.0,1004.0,42.86,55.78,0.9991,0.9969
very_fast_meta,speed_sweep,very_fast,300.0,True,1615286488,0.8228,2094.0,0.213,47,0,1.14,0.8077,0.7,1.0,1.0,1.0,1.25,1.0,1.2,1.333,1884.0,210.0,104.67,15.0,0.9966,0.9941
slow_nometa,speed_sweep,slow,300.0,False,529701756,0.9241,2212.0,0.2343,34,0,1.33,0.7917,0.8,1.0,0.0,1.0,0.0,0.0,2.0,1.0,1502.0,710.0,37.55,142.0,0.9997,0.9706
slow_meta,speed_sweep,slow,300.0,True,1385733045,0.8228,1850.0,0.2147,34,0,1.25,0.7586,0.7143,0.9655,0.0,1.0,1.0,0.0,1.0,2.0,1236.0,614.0,37.45,51.17,0.9681,0.9363
medium_nometa,speed_sweep,medium,300.0,False,253630762,0.8987,2076.0,0.2307,36,0,1.0,0.9,0.7826,1.0,1.0,1.0,1.0,1.0,1.0,1.0,1476.0,600.0,42.17,75.0,0.994,0.9943
sesslen_60,session_sweep,medium,60.0,False,1594099346,0.4557,2680.0,0.2452,51,0,1.56,0.3636,0.2941,0.6552,3.0,1.333,1.0,1.0,2.0,1.0,1432.0,1248.0,110.15,83.2,0.9543,0.9148
very_fast_meta,speed_sweep,very_fast,300.0,True,237953562,0.7468,2058.0,0.2132,51,0,1.1,0.625,0.7083,0.9565,1.0,1.167,1.0,1.0,1.333,1.0,908.0,1150.0,75.67,71.88,0.9988,0.9558
sesslen_120,session_sweep,medium,120.0,False,34359046,0.8228,2390.0,0.2362,39,0,1.17,0.75,0.7586,0.9333,0.0,1.5,1.0,1.0,1.0,1.0,1584.0,806.0,56.57,67.17,0.947,0.992
sesslen_300,session_sweep,medium,300.0,False,1453473275,0.8481,2054.0,0.2286,50,0,1.33,0.6667,0.7647,1.0,1.0,0.0,2.0,1.0,2.0,1.333,1532.0,522.0,90.12,43.5,1.0,0.9984
sesslen_180,session_sweep,medium,180.0,False,272849770,0.6835,1700.0,0.2111,48,0,1.5,0.4545,0.7,0.9615,1.0,1.0,2.0,1.0,1.0,3.0,1500.0,200.0,100.0,12.5,0.9208,0.9341
sesslen_300,session_sweep,medium,300.0,False,1459301850,0.8734,2116.0,0.2192,49,0,1.43,1.0,0.6923,0.9545,1.0,0.0,0.0,1.0,1.0,2.5,1716.0,400.0,78.0,50.0,1.0,0.9993
medium_nometa,speed_sweep,medium,300.0,False,1577863892,0.4304,1908.0,0.2242,51,0,3.5,0.0645,0.6818,0.6538,2.0,2.0,6.0,2.0,7.0,0.0,1516.0,392.0,116.62,26.13,0.9284,0.9658
very_fast_nometa,speed_sweep,very_fast,300.0,False,2026025111,0.7595,2270.0,0.2182,39,0,1.3,0.625,0.6111,1.0,1.0,1.0,1.25,1.0,1.833,2.5,922.0,1348.0,43.9,70.95,0.9995,0.9974
medium_nometa,speed_sweep,medium,300.0,False,2002400387,0.8734,1948.0,0.2164,39,0,1.0,0.9048,0.7143,1.0,1.0,1.0,1.0,1.0,1.0,1.0,768.0,1180.0,25.6,118.0,0.9997,0.9979
very_fast_meta,speed_sweep,very_fast,300.0,True,1400199328,0.8101,2094.0,0.2118,46,0,1.1,0.7407,0.6923,1.0,1.0,1.0,1.2,1.0,1.5,1.0,2094.0,0.0,116.33,0.0,0.9996,0.9975
fast_meta,speed_sweep,fast,300.0,True,706732029,0.7342,2340.0,0.2256,30,0,1.38,0.6944,0.6087,0.95,1.667,1.333,1.0,1.0,2.0,1.0,1638.0,702.0,56.48,35.1,0.9967,0.9881
very_fast_nometa,speed_sweep,very_fast,300.0,False,196932523,0.7468,2258.0,0.1907,43,0,1.12,0.6333,0.6897,1.0,1.0,1.0,1.4,1.0,1.333,1.25,1678.0,580.0,93.22,32.22,0.9846,0.9811
sesslen_300,session_sweep,medium,300.0,False,876823787,0.7722,2014.0,0.197,24,0,1.14,0.7727,0.6429,0.8571,2.0,1.0,1.0,0.0,1.0,1.0,610.0,1404.0,15.25,93.6,0.9599,0.9996
slow_nometa,speed_sweep,slow,300.0,False,526551789,0.8481,1904.0,0.1971,48,0,1.0,1.0,0.7143,1.0,1.0,0.0,0.0,1.0,1.0,0.0,584.0,1320.0,30.74,110.0,1.0,0.996
sesslen_60,session_sweep,medium,60.0,False,1603108823,0.519,1896.0,0.2324,48,0,1.2,0.0556,0.7647,1.0,1.0,1.0,0.0,1.0,2.0,0.0,440.0,1456.0,29.33,91.0,0.9942,0.9669
fast_nometa,speed_sweep,fast,300.0,False,1449009747,0.7975,2326.0,0.2242,32,0,1.46,0.8,0.625,1.0,2.25,1.0,1.0,1.0,1.5,1.0,2326.0,0.0,75.03,0.0,0.9942,0.9919
very_fast_meta,speed_sweep,very_fast,300.0,True,1946749606,0.7848,2370.0,0.189,50,0,1.09,0.619,0.7143,0.9667,1.0,1.125,1.0,1.0,1.0,1.25,1770.0,600.0,136.15,37.5,0.9996,0.9972
medium_meta,speed_sweep,medium,300.0,True,1035497033,0.8481,2362.0,0.2158,21,0,1.62,0.8511,0.7222,1.0,1.333,1.0,2.0,1.0,3.0,0.0,834.0,1528.0,17.74,138.91,0.9997,0.9835
sesslen_180,session_sweep,medium,180.0,False,315255580,0.7342,2058.0,0.2417,42,0,1.12,0.5588,0.7778,0.9259,1.0,1.0,1.0,0.0,1.5,1.0,1226.0,832.0,61.3,48.94,0.9984,0.9646
sesslen_180,session_sweep,medium,180.0,False,788651233,0.4684,1516.0,0.206,55,0,1.2,0.0857,0.7353,0.9,1.0,0.0,2.0,1.0,0.0,0.0,846.0,670.0,141.0,37.22,0.9989,0.9766
fast_meta,speed_sweep,fast,300.0,True,274076205,0.8101,2028.0,0.1954,36,0,1.43,0.8889,0.697,0.9,1.75,1.0,1.25,1.0,3.0,1.0,584.0,1444.0,20.86,96.27,0.9996,0.9906
sesslen_180,session_sweep,medium,180.0,False,1280340276,0.5316,2076.0,0.2203,38,0,2.43,0.5667,0.1667,0.84,3.0,2.0,4.0,1.0,3.0,0.0,266.0,1810.0,12.67,90.5,0.9735,0.9498
sesslen_300,session_sweep,medium,300.0,False,618845170,0.8354,2114.0,0.2372,27,0,1.5,0.7714,0.75,0.9375,0.0,1.0,0.0,1.0,2.0,0.0,1462.0,652.0,36.55,54.33,0.9999,0.998
slow_nometa,speed_sweep,slow,300.0,False,432105335,0.7215,2352.0,0.2162,15,0,1.0,0.6538,0.0,1.0,0.0,1.0,0.0,0.0,1.0,0.0,1586.0,766.0,36.88,36.48,0.9982,0.955
medium_meta,speed_sweep,medium,300.0,True,1790797530,0.7468,2106.0,0.1932,37,0,1.43,0.6774,0.7143,0.8519,1.0,1.0,1.0,1.0,2.5,0.0,1436.0,670.0,59.83,37.22,1.0,0.9796
very_fast_nometa,speed_sweep,very_fast,300.0,False,2142537295,0.8101,2544.0,0.2344,51,0,1.15,0.7619,0.7059,1.0,1.1,1.0,1.25,1.0,1.0,1.429,1934.0,610.0,148.77,40.67,0.9997,0.9985
sesslen_180,session_sweep,medium,180.0,False,1647816243,0.7975,1970.0,0.2166,27,0,1.62,0.7073,0.7778,0.931,1.0,1.0,0.0,1.0,2.667,0.0,618.0,1352.0,15.07,122.91,0.9845,0.9506
medium_nometa,speed_sweep,medium,300.0,False,359623708,0.7848,2158.0,0.2261,36,0,2.29,0.75,0.5,1.0,7.0,1.0,1.0,1.0,2.0,2.0,1478.0,680.0,52.79,45.33,0.9865,0.9929
medium_meta,speed_sweep,medium,300.0,True,393004204,0.6456,1406.0,0.2076,12,2,1.0,0.9643,0.0,1.0,0.0,1.0,1.0,1.0,1.0,0.0,454.0,952.0,10.81,38.08,1.0,0.9978
medium_meta,speed_sweep,medium,300.0,True,1099243141,0.8481,2026.0,0.1964,39,0,1.0,0.9231,0.6552,1.0,1.0,0.0,1.0,1.0,1.0,0.0,1354.0,672.0,48.36,56.0,0.9991,0.9858
sesslen_120,session_sweep,medium,120.0,False,730325049,0.4051,2194.0,0.2237,53,0,1.5,0.0,0.7419,0.6,1.5,0.0,0.0,1.0,0.0,2.0,1730.0,464.0,247.14,24.42,0.9999,0.9891
fast_meta,speed_sweep,fast,300.0,True,450238951,0.4937,1870.0,0.1959,27,4,2.2,0.76,0.1351,0.8824,7.0,1.0,1.0,1.0,1.0,4.0,536.0,1334.0,25.52,43.03,0.9846,0.9858
fast_nometa,speed_sweep,fast,300.0,False,712335573,0.7848,2108.0,0.2189,39,0,1.33,0.8235,0.7143,0.9,1.0,1.333,1.4,0.0,1.0,2.0,834.0,1274.0,33.36,84.93,0.9991,0.9915
sesslen_120,session_sweep,medium,120.0,False,1926804062,0.5696,1842.0,0.2143,50,0,3.43,0.1765,0.8421,0.8846,1.0,1.5,3.0,1.0,15.0,1.0,662.0,1180.0,44.13,84.29,0.9082,0.9716
sesslen_180,session_sweep,medium,180.0,False,853540962,0.8608,2164.0,0.2164,36,0,1.38,0.8,0.7895,1.0,1.0,1.0,1.5,0.0,2.0,0.0,2164.0,0.0,65.58,0.0,1.0,0.9768
medium_meta,speed_sweep,medium,300.0,True,820405692,0.8228,2234.0,0.2143,42,0,1.86,0.7241,0.7273,1.0,1.0,1.0,2.0,0.0,2.5,3.0,2234.0,0.0,93.08,0.0,0.9951,0.9948
fast_meta,speed_sweep,fast,300.0,True,627191918,0.8608,2374.0,0.1879,45,0,1.06,0.9167,0.7188,1.0,1.0,1.0,1.0,1.0,1.0,1.5,1704.0,670.0,74.09,60.91,0.9964,0.9924
very_fast_meta,speed_sweep,very_fast,300.0,True,500366613,0.8228,1846.0,0.2151,43,0,1.21,0.8438,0.7,1.0,1.0,1.0,1.364,1.0,2.0,1.4,1254.0,592.0,57.0,42.29,0.9997,0.9944
sesslen_60,session_sweep,medium,60.0,False,1304652970,0.6962,2080.0,0.2325,27,0,3.14,0.9375,0.2759,0.9444,7.5,2.0,1.0,1.0,0.0,2.0,2080.0,0.0,63.03,0.0,0.9959,0.9436
medium_meta,speed_sweep,medium,300.0,True,1531337971,0.8861,2708.0,0.2236,33,0,1.43,0.9259,0.6957,1.0,1.0,1.0,1.0,1.0,2.0,2.0,1986.0,722.0,52.26,90.25,0.9907,0.995
sesslen_180,session_sweep,medium,180.0,False,318206517,0.8228,2266.0,0.2246,51,0,1.12,0.6364,0.7,1.0,1.0,1.0,0.0,1.0,1.5,1.0,1596.0,670.0,99.75,55.83,1.0,0.9776
medium_nometa,speed_sweep,medium,300.0,False,483519138,0.7468,2670.0,0.2236,34,0,1.86,0.6071,0.2857,0.9091,3.0,1.0,0.0,1.0,2.333,0.0,1986.0,684.0,68.48,42.75,1.0,0.9868
fast_nometa,speed_sweep,fast,300.0,False,1595919079,0.8734,2008.0,0.195,42,0,1.13,0.7857,0.72,1.0,0.0,1.0,1.0,1.0,1.0,1.4,1354.0,654.0,50.15,65.4,0.9955,0.9979
very_fast_nometa,speed_sweep,very_fast,300.0,False,2096165246,0.7722,1932.0,0.2156,52,0,1.14,0.8276,0.5806,1.0,1.0,1.0,1.222,1.0,1.75,1.0,586.0,1346.0,65.11,74.78,0.99,0.9862
sesslen_60,session_sweep,medium,60.0,False,1017698550,0.3797,1772.0,0.2303,49,0,2.17,0.1622,0.7083,0.3889,1.0,2.5,0.0,2.0,3.0,2.0,836.0,936.0,119.43,40.7,0.9543,0.8783
slow_meta,speed_sweep,slow,300.0,True,1697892313,0.2152,2086.0,0.23,21,6,2.0,0.5238,0.0,0.2727,0.0,0.0,0.0,2.0,0.0,0.0,1362.0,724.0,80.12,17.66,1.0,0.9991
sesslen_300,session_sweep,medium,300.0,False,1884526549,0.7595,1940.0,0.2153,35,0,2.25,0.84,0.6154,1.0,8.0,1.0,2.5,1.0,0.0,1.0,574.0,1366.0,21.26,80.35,0.97,0.988
medium_meta,speed_sweep,medium,300.0,True,509631979,0.8861,2030.0,0.1952,50,0,1.12,1.0,0.7632,1.0,0.0,1.0,1.0,1.0,0.0,1.25,1360.0,670.0,68.0,74.44,0.9986,0.9995
medium_nometa,speed_sweep,medium,300.0,False,2032660454,0.8608,1992.0,0.2255,45,0,1.38,0.9375,0.7059,1.0,1.0,0.0,0.0,1.0,1.0,2.5,1410.0,582.0,61.3,52.91,0.9995,0.9952
medium_meta,speed_sweep,medium,300.0,True,1701768893,0.7722,2266.0,0.2212,40,0,1.88,0.6538,0.75,1.0,1.0,0.0,1.5,1.0,6.0,2.0,1624.0,642.0,73.82,37.76,1.0,0.9955
medium_nometa,speed_sweep,medium,300.0,False,1067789481,0.7722,1968.0,0.242,41,0,1.29,1.0,0.5135,1.0,0.0,1.0,1.0,1.0,0.0,1.667,1298.0,670.0,46.36,67.0,0.9996,0.9705
sesslen_60,session_sweep,medium,60.0,False,193132668,0.4937,2640.0,0.2584,52,0,2.62,0.1143,0.7692,0.8333,1.0,0.0,5.0,1.0,6.0,1.0,1724.0,916.0,191.56,50.89,0.9969,0.9768
very_fast_nometa,speed_sweep,very_fast,300.0,False,785256791,0.7215,2156.0,0.1974,43,0,1.26,0.5862,0.5455,1.0,1.5,1.0,1.2,1.0,1.5,1.625,1434.0,722.0,79.67,40.11,0.9899,0.9607
slow_nometa,speed_sweep,slow,300.0,False,1558980000,0.8608,2138.0,0.2103,51,0,1.0,0.0,0.7556,1.0,0.0,0.0,0.0,1.0,0.0,1.0,2138.0,0.0,125.76,0.0,1.0,0.9925
slow_nometa,speed_sweep,slow,300.0,False,730998922,0.8608,1962.0,0.1967,24,0,1.25,0.7949,0.7857,1.0,0.0,1.0,2.0,0.0,0.0,1.0,650.0,1312.0,14.77,119.27,1.0,0.9687
medium_nometa,speed_sweep,medium,300.0,False,812474808,0.8608,1288.0,0.1593,22,0,1.29,0.7105,0.0,1.0,0.0,1.0,0.0,0.0,1.667,0.0,580.0,708.0,12.61,64.36,1.0,0.9829
slow_meta,speed_sweep,slow,300.0,True,95841536,0.7342,2272.0,0.2331,18,0,1.0,0.7209,0.7222,0.7778,1.0,1.0,1.0,0.0,0.0,0.0,1470.0,802.0,35.85,40.1,0.9998,0.9856
fast_nometa,speed_sweep,fast,300.0,False,131624754,0.481,2010.0,0.2126,34,0,1.91,0.6471,0.0541,1.0,0.0,1.0,1.667,1.0,3.0,4.0,1360.0,650.0,61.82,28.26,0.9965,0.9687
fast_nometa,speed_sweep,fast,300.0,False,328356000,0.5823,1910.0,0.2147,39,0,2.14,0.3429,0.4,0.9655,1.0,1.2,2.5,1.0,3.333,6.0,1254.0,656.0,59.71,34.53,0.9313,0.948
medium_nometa,speed_sweep,medium,300.0,False,731471424,0.519,2138.0,0.2391,48,0,2.33,0.2162,0.5714,1.0,1.0,1.0,1.0,1.0,6.0,4.0,994.0,1144.0,76.46,63.56,0.9971,0.9674
fast_meta,speed_sweep,fast,300.0,True,1329765513,0.4684,1458.0,0.1885,27,3,1.1,0.7619,0.0,1.0,0.0,1.0,1.0,1.0,1.5,0.0,1458.0,0.0,58.32,0.0,0.9798,0.9683
medium_meta,speed_sweep,medium,300.0,True,1688360847,0.8861,2208.0,0.214,45,0,1.25,1.0,0.7188,1.0,1.0,1.0,1.0,1.0,1.0,2.0,2208.0,0.0,88.32,0.0,0.9985,0.9975
sesslen_60,session_sweep,medium,60.0,False,425827348,0.519,1790.0,0.1973,47,0,1.43,0.5294,0.2,0.617,0.0,1.0,0.0,1.5,1.0,2.0,1168.0,622.0,64.89,44.43,0.9673,0.9533
medium_meta,speed_sweep,medium,300.0,True,1482831644,0.7215,1974.0,0.1967,36,0,1.25,1.0,0.4,0.9565,2.0,1.0,1.0,1.0,1.0,1.5,718.0,1256.0,23.93,96.62,0.969,0.9198
fast_meta,speed_sweep,fast,300.0,True,923847667,0.6203,2402.0,0.2157,24,1,1.42,1.0,0.3226,0.6087,1.0,3.0,1.0,1.667,1.0,2.0,628.0,1774.0,20.26,73.92,0.9466,0.9769
very_fast_meta,speed_sweep,very_fast,300.0,True,890743084,0.7468,2174.0,0.212,45,0,1.19,0.5714,0.6923,1.0,1.143,1.0,1.333,1.0,1.5,1.5,1502.0,672.0,100.13,35.37,0.9871,0.9992
medium_nometa,speed_sweep,medium,300.0,False,1770775376,0.8228,2054.0,0.1972,30,0,1.12,0.7619,0.75,1.0,1.0,1.0,1.5,0.0,1.0,0.0,654.0,1400.0,18.69,100.0,0.9999,0.983
sesslen_120,session_sweep,medium,120.0,False,1173665689,0.4051,1350.0,0.1601,54,0,2.0,0.2895,0.7241,0.0,1.5,0.0,2.5,0.0,2.0,0.0,0.0,1350.0,0.0,84.38,0.9623,0.9767
very_fast_nometa,speed_sweep,very_fast,300.0,False,258212151,0.8101,2512.0,0.1853,47,0,1.24,0.7931,0.6818,0.9286,1.0,1.0,1.0,1.286,1.571,1.5,1948.0,564.0,92.76,51.27,0.9982,0.9418
medium_nometa,speed_sweep,medium,300.0,False,1310444472,0.8101,1934.0,0.1941,47,0,1.25,0.6538,0.7143,1.0,0.0,1.0,1.0,1.0,2.0,1.333,1320.0,614.0,73.33,43.86,1.0,0.9673
very_fast_nometa,speed_sweep,very_fast,300.0,False,204225561,0.7468,2110.0,0.2272,46,0,1.33,0.6,0.5833,1.0,1.25,1.0,1.167,1.0,1.8,2.25,1550.0,560.0,119.23,28.0,0.9919,0.9952
medium_nometa,speed_sweep,medium,300.0,False,2127541362,0.8861,2244.0,0.2176,43,0,1.43,1.0,0.7308,0.95,0.0,3.0,1.0,1.0,0.0,1.333,2244.0,0.0,83.11,0.0,0.989,0.9992
sesslen_60,session_sweep,medium,60.0,False,331560832,0.557,2116.0,0.2232,49,0,1.86,0.3704,0.3929,0.9583,2.5,1.0,0.0,1.0,1.0,4.0,1446.0,670.0,96.4,44.67,0.9254,0.955
fast_meta,speed_sweep,fast,300.0,True,360420157,0.8987,2168.0,0.2123,36,0,1.14,0.9,0.6923,1.0,1.333,1.0,1.0,1.0,1.2,0.0,1536.0,632.0,43.89,79.0,0.9993,0.9872
fast_nometa,speed_sweep,fast,300.0,False,2123313720,0.5063,1710.0,0.2128,49,0,1.69,0.1842,0.65,0.9524,1.25,1.333,1.5,1.0,3.5,2.0,614.0,1096.0,55.82,57.68,0.9349,0.9551
slow_meta,speed_sweep,slow,300.0,True,711352302,0.8101,2088.0,0.2484,30,0,2.25,0.7778,0.8529,0.0,3.5,0.0,1.0,0.0,0.0,0.0,732.0,1356.0,21.53,90.4,0.9952,0.9847
sesslen_300,session_sweep,medium,300.0,False,895216333,0.6835,2145.0,0.1974,42,0,1.75,0.5854,0.6667,1.0,1.0,1.0,1.5,1.0,3.5,0.0,691.0,1454.0,46.07,66.09,0.9743,0.9083
fast_meta,speed_sweep,fast,300.0,True,539474452,0.7975,2238.0,0.2178,42,0,1.57,0.6667,0.7778,0.8919,1.0,1.0,3.5,1.0,1.333,1.667,2238.0,0.0,101.73,0.0,0.9936,0.9847
fast_meta,speed_sweep,fast,300.0,True,1655809298,0.7722,2098.0,0.2233,36,0,1.43,0.7273,0.5,1.0,1.0,1.0,1.333,1.0,1.667,4.0,1456.0,642.0,56.0,37.76,0.995,0.9885
sesslen_180,session_sweep,medium,180.0,False,689805438,0.6076,2160.0,0.2156,17,0,1.86,0.8214,0.0,0.8333,0.0,1.333,1.0,1.0,3.5,0.0,1246.0,914.0,35.6,33.85,0.9999,0.9976
slow_nometa,speed_sweep,slow,300.0,False,1450600028,0.6709,2004.0,0.2134,42,0,1.25,0.6429,0.7222,0.6667,0.0,1.0,1.0,0.0,2.0,1.0,1354.0,650.0,58.87,46.43,0.9998,0.975
medium_meta,speed_sweep,medium,300.0,True,1557895274,0.6076,1888.0,0.1962,27,2,2.43,0.6429,0.15,0.871,0.0,1.0,1.0,1.0,2.0,9.0,0.0,1888.0,0.0,67.43,0.9955,0.9904
medium_nometa,speed_sweep,medium,300.0,False,1347965632,0.8987,2092.0,0.2171,36,0,1.12,0.9697,0.7742,1.0,1.0,1.0,1.5,1.0,1.0,1.0,1438.0,654.0,41.09,81.75,0.9999,0.9977
very_fast_nometa,speed_sweep,very_fast,300.0,False,1911303846,0.7342,2056.0,0.2162,42,0,1.06,0.5385,0.6522,0.9667,1.0,1.0,1.333,1.0,1.2,1.0,1250.0,806.0,73.53,40.3,0.9989,0.984
fast_meta,speed_sweep,fast,300.0,True,383774918,0.7848,1972.0,0.2151,36,0,1.14,0.7143,0.625,1.0,1.0,1.0,1.0,1.0,1.0,1.667,606.0,1366.0,23.31,80.35,0.9992,0.9941
fast_nometa,speed_sweep,fast,300.0,False,1954277328,0.7975,1938.0,0.1965,42,0,1.29,0.6087,0.6667,1.0,1.5,1.0,1.0,1.0,1.667,1.5,560.0,1378.0,26.67,86.12,0.9997,0.9917
slow_nometa,speed_sweep,slow,300.0,False,1996971973,0.6456,1886.0,0.2154,18,0,1.0,0.775,0.6429,0.44,0.0,1.0,1.0,0.0,1.0,0.0,520.0,1366.0,15.76,48.79,0.99,0.9815
slow_nometa,speed_sweep,slow,300.0,False,489185494,0.5443,2022.0,0.2158,25,0,1.33,0.72,0.4242,0.5238,0.0,0.0,1.0,1.0,0.0,2.0,210.0,1812.0,11.05,51.77,0.9407,0.9171
very_fast_meta,speed_sweep,very_fast,300.0,True,659624096,0.7975,2100.0,0.2242,48,0,1.23,0.6957,0.6897,1.0,1.0,1.0,1.167,1.0,1.4,1.75,1122.0,978.0,74.8,61.12,0.9939,0.9968
medium_meta,speed_sweep,medium,300.0,True,538766980,0.8228,1916.0,0.21,28,0,1.43,0.8333,0.7037,0.9545,1.0,1.5,1.0,0.0,0.0,2.0,1108.0,808.0,29.16,62.15,0.9637,0.9729
sesslen_300,session_sweep,medium,300.0,False,2143252902,0.481,0.0,0.0,79,0,1.0,0.0,0.0,1.0,0.0,1.0,0.0,1.0,0.0,0.0,0.0,0.0,0.0,0.0,0.3333,0.3333
fast_nometa,speed_sweep,fast,300.0,False,40156513,0.7722,2074.0,0.197,36,0,1.54,0.6786,0.7059,0.8824,1.0,1.25,0.0,1.0,1.8,3.0,628.0,1446.0,25.12,80.33,0.9558,0.9736
slow_meta,speed_sweep,slow,300.0,True,612491841,0.8101,1974.0,0.1952,36,0,2.0,0.7436,0.75,1.0,1.0,1.0,3.0,0.0,3.0,0.0,596.0,1378.0,20.55,98.43,0.9993,0.986
