threshold,seed,hmm_accuracy,total_pnl,sharpe,n_retrains,detection_lag,acc_trending,acc_mean_reverting,acc_volatile
0.5,1613259509,0.3165,1666.0,0.2172,6,2.0,0.6579,0.0,0.0
0.2,1344490671,0.443,3410.0,0.1696,7,2.4,0.3846,0.25,0.5676
0.35,246852228,0.557,1428.0,0.2023,6,1.0,1.0,0.0,0.6364
0.6,66180801,0.6835,2178.0,0.2106,1,2.14,0.3,0.9118,0.5714
0.35,1664326599,0.6709,2114.0,0.2402,3,1.43,0.7667,0.4,0.7586
0.5,1846626566,0.8608,2092.0,0.2257,0,1.25,0.9143,0.6522,1.0
0.2,782202776,0.481,1300.0,0.1601,5,1.0,0.8571,0.0,0.9524
0.35,254289082,0.4304,2462.0,0.2194,6,2.6,0.5926,0.0455,0.5667
0.2,1636616361,0.8861,2316.0,0.2094,0,1.14,0.9118,0.7273,1.0
0.35,1549444455,0.481,2100.0,0.2074,6,3.29,0.5263,0.4118,0.4583
0.5,921144509,0.8228,2174.0,0.2161,1,1.14,0.8,0.6364,1.0
0.2,184491686,0.5823,2142.0,0.2274,6,2.0,0.4412,0.5,0.9474
0.5,1185200747,0.7595,2278.0,0.2145,0,1.43,0.68,0.5217,1.0
0.6,654855534,0.8608,2056.0,0.2374,0,1.57,0.8261,0.72,1.0
0.6,793911338,0.8228,1886.0,0.2144,0,1.0,0.76,0.7812,0.9545
0.2,279055573,0.4937,2188.0,0.1948,7,1.8,0.6571,0.2903,0.5385
0.2,1589547158,0.443,2146.0,0.1951,7,2.67,0.7619,0.1707,0.7059
0.35,1252575882,0.7722,2292.0,0.1907,2,1.43,0.7714,0.4375,0.9643
0.2,317309651,0.7468,2070.0,0.2211,6,1.33,0.9091,0.7297,0.7097
0.6,132201440,0.7848,1890.0,0.1969,0,1.29,0.8696,0.44,1.0
0.6,1604705165,0.8734,2068.0,0.2207,0,1.14,0.7333,0.7778,1.0
0.5,2025542324,0.8354,2138.0,0.2534,0,1.5,0.7632,0.7647,1.0
0.35,1988474026,0.7215,1918.0,0.2164,2,1.71,0.75,0.6667,0.7368
0.35,129817274,0.3291,1366.0,0.1594,7,1.0,0.25,0.3143,0.375
0.2,211070052,0.6962,1986.0,0.1907,6,1.2,1.0,0.0769,1.0
0.35,395876542,0.3038,2080.0,0.2267,7,2.75,0.25,0.0278,0.7826
0.6,1243755858,0.6203,2096.0,0.2174,0,1.5,0.4815,0.64,0.7407
0.35,1217802086,0.8481,2174.0,0.2123,0,1.12,0.7917,0.75,1.0
0.2,898917770,0.5063,2536.0,0.2075,7,1.25,0.7941,0.0,0.5909
0.5,1594089078,0.519,2016.0,0.2151,5,2.67,0.5,0.55,0.5185
0.6,1421853138,0.6203,2178.0,0.2105,2,2.43,0.375,0.625,0.7419
0.5,1015577239,0.3038,1284.0,0.1599,6,1.5,1.0,0.2778,0.1471
0.6,837899079,0.7342,2126.0,0.2102,1,1.67,0.6,0.55,1.0
0.35,165852410,0.6582,2146.0,0.1951,3,1.33,0.6923,0.6216,0.6897
0.6,726521799,0.6203,1340.0,0.1803,2,1.0,0.8095,0.0,1.0
0.6,668923868,0.4684,2098.0,0.1962,3,2.5,0.3846,0.2273,0.7097
0.5,2032189115,0.6456,2188.0,0.2197,3,1.8,0.8788,0.0,0.9565
0.2,1091924742,0.3418,1894.0,0.1963,7,3.0,0.4706,0.4483,0.1818
0.35,1098321767,0.3671,2024.0,0.2335,6,2.0,0.6,0.2667,0.3529
0.35,106952788,0.4557,2260.0,0.2159,6,2.6,0.6765,0.0,0.3824
0.6,1023773099,0.8101,1986.0,0.1958,0,1.33,0.7568,0.76,1.0
0.6,1008096436,0.5316,1880.0,0.1964,3,2.0,0.6176,0.1739,0.7727
0.35,426657919,0.5443,2080.0,0.2221,6,1.89,0.3793,0.7778,0.4783
0.5,1922743133,0.5063,1940.0,0.2153,4,2.71,0.9375,0.16,0.2727
0.5,1920347305,0.8228,2116.0,0.226,1,1.5,0.7143,0.8889,0.881
0.5,531926445,0.7975,2028.0,0.1971,0,1.0,0.6087,0.7586,1.0
0.5,542949439,0.8987,1938.0,0.2199,0,1.29,0.9231,0.7333,0.9474
0.35,1187533880,0.3291,1332.0,0.1749,6,2.0,0.6842,0.2,0.2333
0.5,389857930,0.8608,1966.0,0.1966,0,1.12,0.76,0.7368,1.0
0.6,518884756,0.7722,1864.0,0.2169,0,1.43,0.7826,0.4348,1.0
0.5,169846443,0.6329,1856.0,0.2229,2,1.67,1.0,0.3636,0.9565
0.35,139254492,0.4304,1996.0,0.2218,7,1.33,0.4783,0.3684,0.4324
0.5,256530556,0.5316,2514.0,0.2302,4,1.5,0.35,0.4815,0.6875
0.35,700107730,0.3797,1012.0,0.1561,6,1.83,0.8696,0.125,0.3125
0.35,1580402134,0.8608,1978.0,0.2201,0,1.5,0.875,0.7037,1.0
0.6,260804951,0.8228,1932.0,0.213,0,1.5,0.7812,0.72,1.0
0.2,75727597,0.5063,2528.0,0.2301,6,1.71,0.8,0.1111,0.5366
0.35,658016076,0.8101,2279.0,0.2175,1,1.5,0.6667,0.0,0.95
0.2,1627665569,0.3291,1718.0,0.1962,7,1.57,0.3,0.3636,0.28
0.2,960511062,0.4304,2224.0,0.2142,7,2.33,0.875,0.2857,0.3571
0.6,466400621,0.8481,2160.0,0.1893,0,1.29,0.8636,0.6897,1.0
0.6,886944912,0.8354,1884.0,0.1969,0,1.0,0.7333,0.6897,1.0
0.6,570444089,0.3544,1940.0,0.2153,5,2.5,0.7273,0.2,0.2353
0.35,409516345,0.7848,2316.0,0.2094,1,1.57,0.8,0.6,1.0
0.35,483219303,0.8608,2708.0,0.2236,0,1.62,1.0,0.6429,0.9643
0.2,1585208090,0.8101,1996.0,0.1971,1,1.0,0.7222,0.75,1.0
0.6,813667282,0.8861,2094.0,0.2201,0,1.43,1.0,0.6897,1.0
0.2,1630061803,0.6582,1966.0,0.2268,3,3.0,0.8387,0.25,0.8333
0.35,1273885441,0.7848,2042.0,0.2155,0,1.83,0.6341,0.75,1.0
0.6,401397291,0.9241,2076.0,0.1956,0,1.5,0.9714,0.5833,1.0
0.2,1842879499,0.9241,2206.0,0.214,0,1.62,0.8621,0.7143,1.0
0.6,532770052,0.7722,2218.0,0.2145,0,1.5,0.8,0.6071,0.9524
0.2,1802614824,0.5316,2176.0,0.2123,6,1.67,0.9167,0.2941,0.3947
0.2,244335508,0.3418,2152.0,0.2115,7,2.33,0.6154,0.04,0.3571
0.2,330442772,0.5949,1836.0,0.1961,7,1.5,0.7381,0.0526,0.8333
0.6,991624766,0.8228,2014.0,0.2304,0,1.25,0.8125,0.75,1.0
0.2,602450792,0.4684,1886.0,0.2131,7,1.75,0.8125,0.2439,0.1667
0.5,1795251844,0.9114,2146.0,0.1951,0,1.11,1.0,0.7407,1.0
0.5,1429018791,0.4684,2238.0,0.2274,4,2.67,0.6316,0.05,0.5714
0.2,500639954,0.5443,2030.0,0.2216,6,2.14,0.6923,0.4138,0.5417
0.2,635503539,0.3924,2102.0,0.2155,6,2.17,0.8571,0.2188,0.45
0.6,211154129,0.8608,1856.0,0.2173,0,1.56,0.9677,0.5652,1.0
0.35,283611501,0.7342,2272.0,0.1925,2,1.29,0.8919,0.4167,0.8333
0.2,263250389,0.7342,1506.0,0.1851,5,1.38,0.9487,0.5758,0.2857
0.2,1766654621,0.8481,2402.0,0.2451,2,1.14,0.9459,0.6154,1.0
0.2,577280163,0.4937,1178.0,0.1601,6,1.86,0.9524,0.3871,0.2593
0.6,912412367,0.8861,1912.0,0.1972,0,1.12,0.9583,0.7037,1.0
0.5,209015588,0.8481,1948.0,0.2164,0,1.29,0.5909,0.5714,1.0
0.35,1622817541,0.8861,1986.0,0.1958,0,1.22,0.8857,0.7368,1.0
0.5,1378320316,0.8987,2114.0,0.21,0,1.11,0.8929,0.7368,1.0
0.6,310950953,0.6962,2006.0,0.1937,0,1.57,0.3462,0.75,0.9655
0.6,816510941,0.8354,2452.0,0.2147,0,1.29,1.0,0.7234,1.0
0.5,849802529,0.8734,1964.0,0.1954,0,1.57,0.9,0.7037,1.0
0.6,1127387306,0.8228,2016.0,0.1944,0,1.67,0.5,0.7647,0.9231
0.5,1311793703,0.7595,1936.0,0.2098,0,1.12,0.8571,0.5517,1.0
0.6,253502355,0.4051,2362.0,0.2103,5,1.4,0.6923,0.0,0.4242
0.35,1387199483,0.3038,1252.0,0.1597,7,3.0,1.0,0.122,0.1739
0.2,845178048,0.4937,2612.0,0.2233,7,1.0,0.9375,0.0789,0.6667
0.2,1731864223,0.7089,1972.0,0.2247,3,1.67,0.5714,0.7419,1.0
0.2,1854349314,0.6709,2628.0,0.2234,3,1.38,0.9375,0.4412,0.7931
0.6,1306052314,0.8228,2120.0,0.2261,0,1.33,0.8889,0.725,1.0
0.5,723896763,0.6835,2132.0,0.2203,2,1.71,0.825,0.0625,0.8696
0.5,1005412198,0.8608,1846.0,0.2143,0,1.14,0.6842,0.7619,1.0
0.35,96198585,0.6709,2132.0,0.2102,3,1.71,0.8,0.5,0.7368
0.6,609502371,0.4684,1984.0,0.2162,3,2.14,0.641,0.3,0.3
0.2,515937949,0.6076,1276.0,0.1601,5,1.5,1.0,0.4516,0.2632
0.5,459500778,0.7848,1800.0,0.2136,0,1.0,0.7838,0.7188,1.0
0.5,723270406,0.5316,2004.0,0.1974,3,2.5,0.6923,0.3478,0.5333
0.6,604122946,0.7975,2252.0,0.2398,1,1.5,0.64,0.6111,1.0
0.5,1755800499,0.8101,2214.0,0.1895,0,1.14,0.75,0.75,1.0
0.6,1281331525,0.8608,2232.0,0.2267,0,1.43,0.7368,0.76,1.0
0.6,503641504,0.7089,2044.0,0.1937,1,1.29,0.7407,0.0,1.0
0.2,1946852871,0.5823,2106.0,0.1932,6,1.0,0.9062,0.2308,1.0
0.5,1504112103,0.7975,1972.0,0.2187,1,1.29,0.8065,0.697,1.0
0.5,1935453628,0.7975,1978.0,0.2204,1,1.29,0.8667,0.6364,1.0
0.6,941760917,0.6709,2024.0,0.2152,0,1.67,0.4412,0.7667,1.0
0.35,2030881655,0.8987,1948.0,0.2164,0,1.14,0.92,0.6471,1.0
0.5,1454617929,0.8608,2316.0,0.2276,0,1.0,0.8108,0.75,1.0
0.2,860004772,0.6456,2186.0,0.2272,7,1.75,0.3,0.7241,0.675
0.2,813934848,0.6076,1868.0,0.2116,4,1.29,0.2222,0.4419,1.0
0.2,1373996344,0.6709,1984.0,0.2162,4,2.17,0.5294,0.55,0.7857
0.6,1488786384,0.7468,1970.0,0.2151,0,1.25,0.4839,0.3333,1.0
0.6,1927702563,0.8734,2130.0,0.2158,0,1.12,0.913,0.7037,1.0
0.2,1182642383,0.481,2100.0,0.1967,7,2.38,0.6552,0.28,0.48
0.35,80810440,0.481,2191.0,0.1972,6,1.83,0.8519,0.0476,0.4516
0.2,1656614040,0.7975,2006.0,0.2227,2,1.57,1.0,0.5714,0.7407
0.5,692370230,0.7089,2010.0,0.2219,1,2.0,0.4,0.7727,1.0
0.35,1130965183,0.8354,1940.0,0.2198,0,1.33,0.8235,0.6774,1.0
0.5,2063739658,0.8734,1584.0,0.1821,0,1.43,0.6667,0.6897,1.0
0.35,1000014437,0.8734,2078.0,0.1956,0,1.14,0.8889,0.7586,0.9688
0.35,638163021,0.5316,2454.0,0.2134,5,1.71,1.0,0.2609,0.3548
0.6,1530835591,0.8481,2108.0,0.2155,0,1.0,0.9667,0.7381,1.0
0.6,1586831771,0.7848,2298.0,0.2403,0,1.43,0.7143,0.7222,1.0
0.5,796461002,0.5443,1740.0,0.197,5,1.43,0.6579,0.5909,0.2632
0.5,1455949517,0.7975,2000.0,0.2113,0,1.43,0.6333,0.7222,1.0
0.6,677898052,0.7848,2108.0,0.1959,0,1.86,0.5185,0.84,1.0
0.6,28171757,0.6329,1386.0,0.1601,0,1.25,0.2667,0.7812,1.0
0.6,964186352,0.5696,1940.0,0.2153,3,2.57,0.5526,0.32,1.0
0.35,640410043,0.8481,1964.0,0.1968,0,1.11,0.7273,0.7391,1.0
0.35,1186265066,0.4937,1920.0,0.1931,6,1.0,0.931,0.0455,0.3929
0.35,296436526,0.7722,2256.0,0.2408,1,1.57,0.7368,0.5789,1.0
0.6,2113122740,0.8861,2640.0,0.2234,0,1.12,0.7059,0.8,1.0
0.6,834685038,0.7722,1966.0,0.1966,0,1.14,0.6765,0.7308,1.0
0.2,223254645,0.519,1870.0,0.2244,6,1.29,0.7308,0.3889,0.4706
0.5,1405015024,0.5063,2040.0,0.1958,4,1.4,0.4231,0.36,0.7143
0.2,5094424,0.9494,2190.0,0.2107,0,1.29,1.0,0.75,1.0
0.6,213218989,0.8861,2054.0,0.228,0,1.29,0.7857,0.7,1.0
0.35,1081333131,0.8734,1906.0,0.2143,0,1.12,0.9375,0.7632,1.0
0.2,807717337,0.8608,2628.0,0.2234,1,1.38,1.0,0.6333,1.0
0.6,1874769117,0.7215,2086.0,0.2119,0,1.5,0.3571,0.3158,1.0
0.2,1909300243,0.557,2162.0,0.227,7,1.83,0.4839,0.6,0.6061
0.35,51148469,0.7722,2228.0,0.2267,2,2.0,0.7778,0.5652,1.0
0.35,2120469179,0.8481,1950.0,0.2281,0,1.25,0.9697,0.6944,1.0
0.2,1122495738,0.7468,2054.0,0.1972,3,1.62,0.6786,0.7105,1.0
0.6,1108730044,0.8861,2098.0,0.217,0,1.43,0.8333,0.6667,1.0
0.2,358980505,0.519,1810.0,0.1968,5,1.4,0.931,0.2826,0.25
0.35,602528191,0.8101,1966.0,0.1971,1,1.29,0.75,0.5263,1.0
0.5,1957332302,0.7722,2280.0,0.2182,0,1.5,0.8947,0.5789,1.0
0.35,1795959836,0.8481,1980.0,0.2132,1,1.86,0.8824,0.5,1.0
0.35,53311520,0.7722,2506.0,0.2302,2,1.62,0.7429,0.7273,0.8182
0.35,1334261101,0.7975,1918.0,0.1955,1,1.25,0.6111,0.75,1.0
0.5,2136184970,0.8608,2016.0,0.2151,0,1.29,0.9375,0.6923,0.9524
0.35,221152878,0.8481,1928.0,0.2154,0,1.12,0.9375,0.7105,1.0
0.5,1134333716,0.7722,1921.0,0.1941,0,1.5,0.7143,0.7143,1.0
0.5,317576362,0.519,2168.0,0.2105,4,1.83,0.85,0.3125,0.5185
0.2,724189145,0.7468,2200.0,0.2105,3,1.33,0.7895,0.4483,1.0
0.35,1378858883,0.9114,2160.0,0.2104,0,1.11,1.0,0.7308,1.0
0.5,1915794971,0.8987,2692.0,0.2236,0,1.56,0.8529,0.7273,1.0
0.35,1656181562,0.6582,2164.0,0.2177,3,2.0,0.6667,0.575,0.7778
0.35,1802169188,0.7722,2036.0,0.1957,2,2.29,0.6383,0.75,1.0
0.5,1840188673,0.8101,2366.0,0.1935,0,1.5,0.5938,0.7143,1.0
0.5,969560541,0.8228,2126.0,0.2347,0,1.29,0.7931,0.7419,1.0
0.5,1374175213,0.7342,1988.0,0.1958,2,2.0,0.5652,0.56,1.0
0.6,413751564,0.6835,1904.0,0.1964,1,2.12,0.6596,0.5263,1.0
0.5,307891538,0.9241,2160.0,0.2104,0,1.38,1.0,0.6471,1.0
0.2,855583574,0.6329,2066.0,0.2109,6,1.17,0.7838,0.2222,1.0
0.5,917153995,0.8228,2164.0,0.1968,0,1.67,0.6667,0.7037,1.0
0.5,1493472360,0.7342,1972.0,0.2217,0,2.0,0.7826,0.4483,1.0
0.2,58399064,0.4557,2326.0,0.2388,7,1.5,1.0,0.2353,0.2857
0.6,530232190,0.8608,1894.0,0.2244,0,1.14,0.9091,0.7429,1.0
0.35,1614260320,0.3544,1994.0,0.1971,6,4.33,0.6,0.1212,0.4839
0.5,647396349,0.7848,2166.0,0.2349,0,1.0,0.8148,0.7209,1.0
0.35,1389514267,0.5063,2028.0,0.2143,6,2.0,0.6087,0.1154,0.7667
0.2,633741096,0.8608,2271.0,0.2475,0,1.43,0.8857,0.72,1.0
0.35,1449283650,0.7595,1916.0,0.21,1,1.43,0.8148,0.697,0.7895
0.2,159526723,0.6582,2224.0,0.2181,4,1.29,0.8857,0.3871,0.6923
0.5,1275603414,0.8608,2058.0,0.2334,0,1.0,0.9333,0.7097,1.0
0.5,1162699063,0.8354,2015.0,0.2195,0,1.29,0.8065,0.7407,1.0
0.35,1588891997,0.4304,2186.0,0.2434,5,2.67,0.6071,0.1786,0.5217
0.2,887144875,0.481,1980.0,0.2132,6,2.29,0.8929,0.2368,0.3077
0.2,2083418490,0.4051,1992.0,0.2159,7,1.0,0.8056,0.0857,0.0
0.2,1430420701,0.8228,2296.0,0.2278,1,1.17,0.7692,0.6207,1.0
0.6,1259021668,0.4177,2116.0,0.2101,3,3.14,0.6562,0.1786,0.3684
0.2,1878392480,0.8734,1936.0,0.2443,0,1.14,0.96,0.7353,1.0
0.6,1387698747,0.8734,2640.0,0.2234,0,1.14,0.875,0.7391,1.0
0.6,1032018938,0.7089,1912.0,0.1961,0,1.62,0.5333,0.6786,1.0
0.5,724160020,0.6709,1809.0,0.1956,3,1.33,0.85,0.2308,1.0
0.35,1763201380,0.6709,2018.0,0.2153,3,1.2,0.75,0.7391,0.25
0.5,1180947112,0.7468,2022.0,0.1954,3,2.83,0.8235,0.44,1.0
